company,department,work,city,startWork,endWork,lunchTime,dinnerTime,Wed,Fri,workDays,report,note,industry
58同城,数据中心,数分,北京,10:00,19点,11:30-13:00,18:00,否,无,5,需要,,
Anacle System,商管部门,.net后端,新加坡/杭州,9：00,18：00,12:00-13:30,下班,否,否,5,月底工时,外企养老局，.net传统框架，钱少,
哔哩哔哩,人工智能技术部,算法,上海,10-1030,8-8:30,12-14,18-19,否,一般走得早，7点30左右,五天,周报,总体氛围比较奇怪，同事关系比较淡，没有pua,
哔哩哔哩,主站商业中心,产品运营,上海,10-11,实习生7点可以走,,,否,否,5,不写,,
OPPO,数智工程,后端,深圳,8:00-9:30,正常6:00-7:30可以走，大家基本9点多也就走的差不多了,12-14,18:00,看小组活动,到了下班点基本都溜了,5,写周报,氛围不错，工作强度还可以，看组内忙不忙，大家基本都是9点左右走，偶尔会更晚,
OPPO,智能互联,安卓系统工程师,南京,9.00-9.30,20.30-22.00,12-14,18.00后,下午运动日偶尔可以划水,否,5月6日,要,,
PayPal,aiml,软件开发,上海,9：00—10：00,6：00—7：00,12：00—14：00浮动,下班吃饭,wlb,wlb,5,晨会,wlb,
PingCAP,数据库内核研发,后端,北京,10,大多数9,12-13,18-19,否,晚饭后,5（oncall除外）,是,工作时间弹性，但是oncall比较重,
VMware,研发中心,云计算,北京,10:00,18:00,12:00-1:00,无,否,否,5,无,wfh，外地有租房补贴,
爱立信,IPWORKS,后端,上海,9:00 ~ 10:00,18:00 ~ 19:00,12:00 ~ 13:00,公司无晚饭,否,无,5,无,,
安谋科技（arm中国）,,软件工程师,深圳/上海,9:29,6:29,2h,无,否,否,5,周报,,
哔哩哔哩,视频云技术部-直播组,后端,上海,12:30之前到公司即可,取决于早上来的时间 需要满8h， 早上10点来 7点就可以走,12：00-14：00,18：00 - 19：00,否,周五下午开完会大伙就进入摸鱼模式了,5,要,直播基建方向不做业务 事情不多 但是可能对技术增长没啥很大的帮助,
哔哩哔哩,主站技术中心,后端,上海,10:00-11:00,7:00-8:00,12:00,6:00,否,否,5,需要周报,,
FreeWheel,Data,后端,北京,9:29,6:30-7:00,12：00-14:00,回家,没有,夏天下午三点下班,5,周报,舒服,
Garena,FF,游戏客户端开发,上海,9-10.30,6-7.30弹性，够9h就可以走,12:00-14:00,基本上快6点就可以吃饭了,否,否,5,每天早上会有早会,基本不加班，在研项目有的加班比较多,
italic,portal,后端开发,上海,7:30（如果要和美国开会）/10:00（正常情况下）,5:00-6:30（并不固定，做完任务就下班）,不固定，公司无午饭，团建午饭一般11:30-14:00,不包晚餐，团建晚餐一般budget在人均180元左右，特殊情况有500元每人的budget,,,5,不需要，需要跟进sprint就行,可以选择在家办公，每月团建费用充足，继续招开发与devops，内推请简历发到jerrold@italic.com,
JLL,战略顾问,分析师,深圳,9:30,18:00,12:00-14:00,无,下午茶,无,5,,,
MicroFocus,UFTM,软件开发,上海,10:00,18:00,11:30-13:00,,,,5,否,周末从不加班/14天年假/四大保险/内推联系 18221508921,
OPPO,,运营,深圳,9：00-9：30,6：30可以吃饭 8点之前基本都溜,2h,,是,无,,写,小累，按时下班的人会被认为工作不饱和，加工作,
PWNSKY,pwn部门,安全研究,北京,9:00,18:00,12:00-14:00,,,否,,,部门气氛好，自由轻松，目前主要研究一些自动化扫描器，还有增强afl fuzz工具，研究最近爆的cve，还有挖挖0day,
PWNSKY,sky部门,全栈,北京,9:29,18:00,12:00-14:00,无,否,否,7,日报,公司待遇不错，入职薪资高，7天工作。,
PWNSKY,sky部门,unity游戏前端,北京,9:29,18:00,12:00-14:00,,,否,,,轻松自由，公司里有高配游戏电脑设备，累了玩两把游戏。,
RSS3,运营,中英文运营,世界各地,11点,随意,随意,随意,否,否,5,是,我们公司招人，区块链Web3公司，开发（主要是前端）和英文运营都招人，有想法联系TG：MortyQKL,
shein,,开发,深圳,,20:00,11:50-13:30,18:00往后,否,16:59,5,要,能行,
shopee,seller,产品,深圳,10.15,7:00,12:29,7.加班餐,否,否,5,正式工第一个月需要,很chill（真的吗我质疑，最近虾皮这么卷）,
versa,算法部,算法,上海,10,21（至少三天晚9点）,12-14,随时吃饭,否,可以提前下班,5,周报,,
爱立信,cces,软件开发,上海,9:29,6:00,2h,下班就跑，回家吃饭,,,5,否,养老,
爱奇艺,广告,后端,北京,10点前到,8点左右，可以早走，可以晚走,12-14点,6-7,否,否，通常早点走,5,周报必须，日报看情况,公司要求打卡9小时，十点之前必须到，weekday加班的话有加班工资,
爱奇艺,随刻事业部,运营,北京,9.30,6点半,12.00-1.30,,否,否,5,否,推送运营，分早晚班，每天需要有人值班，但可以调休，一周还是工作5天,
爱奇艺,用户产品部,运营,北京,10:20左右,20:00左右,,,,,,,,
埃森哲,中台,后端,上海,9:00,7:00,自由选择,无,无,无,5,无,自由度挺高,
安恒,研发,前端,杭州,9.00,8.30,11.20-13.0,5.20,否,可以吃完饭就走,大小周,是,研发大小周996 其他部门双休+到点下班 薪资低，卷，写专利才能晋升,
奥美广告,Creative,Art,北京,11点左右,不打卡，一般八点以后,12:00-14:00,6:00-7:00,否,一般比较清闲，项目收尾可以早走，没有的话周末可能加班,5,否,优：氛围很活很人性化，同事领导人很好，团队感强；劣：乙方改稿的疲惫,
百度,acg计算网络部,后端,北京,9.5~10.5,9~10,2h,1h,否,基本7点走了,5,新人前一个月写日报，周五周报,奎科食堂难吃,
百度,MEG,产品,北京,10:00-11:00,7:00-9:00,12:00-14:00,6点,,,,,,
百度,百度-aig,视觉设计师,上海,10:00,9:00,2h,1h,,早走,,,养老,
百度,百家号,运营,北京,10.30,9.00,12-14,18.30,否,否,5,全组一起写周报,氛围还行，比较卷,
百度,地图,后端,上海,10,7,12,1,否,否,5,要周报,,
百度,地图,后端,北京,10:00,9:00,2h,6点-7点,否,18点有事可以走，其他时段需请假,5,日报周报,偏地图拼接算法，工程部分不太行，较为轻松,
百度,凤巢,软件开发,上海,10：00,9：30,依人而定,依人而定,否,否,5，偶尔周末值班,周会,营收部门，一般bug不过夜…,
百度,健康业务部,产品,北京,10,10,12月14日,18-19,否,否,5,周报,不同组下班时间存在差异,
百度,健康业务部,算法,北京,10:30之前,9-9：30,2,1,否,吃完晚饭就可以走,5,日报,不好评价,
百度,健康业务部,运营,北京,10:30,20:30-22:30,12:00-13:00,18:00-18:30,否,否,5,周报,经常中午开会，薛定谔的午休，有时候可以休息到14点，有时候12点30就要去开会了；强度挺大；,
百度,MEG-基础效能设施,后端,上海,10,7,2h,,否,是,5,周报,,
百度,MEG-搜索策略部-多模,算法,北京,10:00,9:00,12:00,6:00,否,否,6,需要日报/周报/双周报,警惕某女经理高菲，有让新人打杂半年的传统,
百度,内容技术架构部,后端,北京,10点半到11点,9点,11点半,6点左右,否,可以早走，有事说一声就可以了,5,日报看导师，周报都要写,氛围好，和其他岗位同事工作沟通顺畅,
百度,企业智能平台部,前端开发,北京,10点-10：30,9点到10点,2h,,,没上线可以早溜,,,,
百度,商业架构部 凤巢广告工程,后端,北京,10:00,21:00,12到14点,18到19点,否,七点多走,五天,日报 and 周报,凤巢 百度搜索广告 老部门，主要是重构优化之类的工作，组内高T较多,
百度,商业平台研发部,后端,上海,10:00,21:00,2h,,,可早走,,,meg，懂的都懂,
百度,深度学习技术平台部,算法,北京,10,9,12:00~12:30,18:00,否,可以早走,5,周报,没有打卡，周报和周会比较多，技术性强，氛围很好有问题都可以问,
百度,深度学习实验室(IDL),算法,北京,10:00,7:59,12:00,6:00,否,否,5,需要周报,IDL已经名存实亡，警惕某正式工抢论文一作,
百度,搜索产品部,产品,北京,一般10：30之前,8-10点,12月2日,6：30-7：30 八点后有夜宵,否,,,,,
百度,搜索架构部,搜索架构工程师,北京,10.30之前,9.00下班,11.30-2:00包括午休,5。30 - 6.30,否,否,5,周日都有,,
百度,推荐策略部,算法,北京,10：30-11：00,21：30（偶尔），22点多（经常），11点多（少数），凌晨三点（一次）,12：30-14：00,18：30-19：30,否,有时候没任务，而且有一些人走后可以走,5（偶尔周六日无偿在家加班，极少正式去公司加班）,需要写日报和周报,氛围比较卷，经常pua，主要是领导。同事都比较nice，工作氛围略沉闷。,
百度,推荐策略部,算法,上海,10.30,10,12 14,18,否,否,5,全组周报，新人6个月日报,卷，年终奖0.8,
百度,推荐技术架构,,北京,10.00-10.30,9.00-9.30,2h,1h,否,早走,5,x,,
百度,小程序,后端,北京,10.30,9-10,12-14,18-17,否,是,5,是,,
百度,小度云平台,后端,,10～10.5,9～9.5,2h,看个人,否,可以早走,5,是,轻松，老板找你的时候在工位就行，其他时间很自由,
百度,小度云平台,算法,北京,弹性，一般10点,弹性 8-9 不打卡 不考勤,11.30-13.00,17.00开饭,否,吃了饭可以走,5,周报,弹性工作时间 不考勤 实习生正式员工都不考勤 一般不需要加班 不卷 技术很强能学到很多东西,
百度,用户增长,后端,上海,10,11,2,随意,无,无,5,日报,此条不具参考性,
百度,用户质量效能,测开,,10,9.5-10,2h,1h,否,可以早走,5,是,,
百度,自动驾驶基础架构,后端,北京,10点,九点开始陆续走人 9:30大部分离开,11: 30 ～ 2:00,5:30～6:30,否,是,5,周报,"需要oncall, 大约一个半月一次",
百度,自动驾驶技术部,后端,北京,10:00,9：00-10：00,12/1/2021,17：30-19：00,否,工作完成可以早走,5,不需要写,,
百度,自然语言处理部,硬件,深圳,10:00,,12:00-2:00,18:00-19:00,否,可提前下班，6:00后走,5,新人周报,,
百度,,前端,上海,10-10.30,7.30-9.30,2.5h,,,早走,,,,
百度,,算法,,10-10.5,8.5-9.5,2h,1h,否,可以早走,5,,,
宝兰德,研发一部,研发,南京,9.00-9.30,20.30-22.00 基本21点后靠近22点,12.00-13.30,18.00-19.00,无,无,5 大小周,全员日报+周报,,
北京悦商数科技术集团有限公司,技术部,前端,北京,9:00,18:29,12:00-13:30,,,,6,,,
贝壳,,前端,北京,10,8月9日,1.5h,中午十二点半，晚上7点,否,否,5,写日报周报,,
哔哩哔哩,直播技术部,后端,上海,10.-10.30,8.左右开始走人，实习生可早点走,12.30-14.00,19以后,否,否,5,是,所在的组是技术部门，一般不加班，当然绩效据说也不太好,
便利蜂,店务智能决策,后端,北京,10:00,22:00,12:20-14:00,18:00-19:00,否,否,5,日报（周报分组，有的组写有的不写）,卷王。严格打卡考勤，每天打卡时长得满9小时，不然会扣工资,
宸之路信息安全,宸鹿安全团队,CTF,北京/上海/成都,9:00,17:30,2h,随意,否,下课了就走,,,日常ctf培训3k/d左右，可兼职有项目就出发，压力不大主要面向政企甲方网安岗位培训,
达观数据,智能流程,前端,上海,9.30,6点30,12：00～14：00,无,否,否,5,看情况,环境不错，氛围好,
大华,省区研发中心,后端,广州,9点打卡,实习生一般6点半 有被明示加班,11点45到1点45,18点-18点45,周二晚固定培训 周四晚偶尔培训,6点走,大小周,周报,,
道通科技,全体,全体,深圳,8:30,22:00以后，21:00走多了要被约谈,12:00-13:00,18:15,否,18:00走人,6,周报,南山区卷王,
嘀嗒,产品部,产品,北京,9:00-10:00,一般8:30-10:00,12:00-13:00,19:30,是,否,5,周报,中午管饭，就给休息一个小时，午休时间都不够的。早10点打卡，晚8点半下班，中午休息1小时，下午吃饭半小时，妥妥的一天工作9小时。,
滴滴,AI System Software,软开,上海,9：30,6：30,12：00-13：45,无,否,否,5,maybe,"work life balance, 无push的感觉",
滴滴,MPT,算法,北京,10:30,8~9,12:00-14:00,18:00,否,一般六点走,5,需要,整体节奏不快，leader很好,
滴滴,本地生活,后端,上海,10,10,12:00-14:00,,,,,,,
滴滴,车服数据部,后端,,9,9,2h,1h,否,可以,5,,,
滴滴,橙心优选,产品,杭州,10:00,20:00-21:00,午休两小时,6点以后有晚饭,否,都行,5,不一定/看组,"产品体验部整体氛围都很好，沟通顺畅无gap，新业务比较累，但是能学到东西, But 22届橙心没有校招hc了",
滴滴,橙心优选,后端,杭州,10-10：30,9:29,12：00-2：00,6：00-7：30,否,是,5,日报,,
滴滴,橙心优选,数据分析,南京,10:00,22:00,无午休,无晚饭,否,饭否,6,,,
滴滴,滴滴支付,后端研发,北京,10.30,9.00,11.50-14.00,17.50,否,可以早走,5,不强求,,
滴滴,地图,移动端,北京,10-10.30,21点,12-14点,18-19点,否,可早走,5,周报,,
滴滴,国际化-交易引擎,后端,北京,10-10.30,9.00后开始跑,12.00-2.00,6.00-7.00,否,可以六七点走,5,新人前两个月写日报，老人要写周报,氛围很好，业务技术很复杂，团队年轻但也很卷，周末oncall比较多,
滴滴,核心出行,测试开发实习生,北京,10-10:30,实习生一般八点，正式一般到9点多了，一般遇到项目会更晚,1h,1h,否,否,5天，周六周末需要加班申请,需要周报/日报,活多钱还行，一般分为业务测试和工具开发，两个都是比较忙的，内部人员流通率比较高,
滴滴,花小猪,算法,北京,10:30,8～9,2h,1h,周二6:30,6点,5,周报,leader人好，所以不卷,
滴滴,货运,产运,杭州,10:30,10:00后吧,2h,18:30后,否,否,5，周末可能会加班,周报,加班非常严重，实习生都经常干到十一二点，mentor常常两三点还在写文档，但组内氛围愉快,
滴滴,货运事业部,策略运营（用户端）,杭州,10：00-10：00,10ian之后,12.00-2.00,18.30,否,可以,7（周六日会有事）,写,6-8月，经常12点下班，目前不清楚，但是周六日肯定有事,
滴滴,顺风车,前端,北京,10:30,8:00之后，一般是9:00能打车,12:00-14:00,6月7日,否,是,5,,,
滴滴,网约车交易引擎,后端,北京,10:30,8点开始走，9点全部走,2小时,一个半小时,是,是,5,周报,核心业务、注重稳定性、不太累、没什么太多业务,
滴滴,用户增长,运营,北京,10：30-11,8开始有人走，9后多,12-14,17:30,否,可以早点走,5,周报,,
滴滴,智能引擎,前端研发实习生,北京,10:00,7:00,12:00-14:00,18:00-19:00,否,可以早点早,5,要写周报，入职前一星期写日报,部门很好，比较养老,
滴滴国际化,客服中台,产品,北京,10:30,7:00,11:30-2:00,18:00-19:00,否,可以早走,5,不用 实习生写 一人只写一点点,部门团队氛围特别好，很养老，忙起来也就八点下班，周会是脑暴，不卷,
地平线,auto,跑模型的,北京,10:00,20:30,2h,1h,否,否,5,周报+日报,实习,
地平线,平台技术部,AI,北京,10:00,19:59,11：50-14：00,1h,否,否,5,是,实习,
地平线,智能驾驶研发一部,后端,北京,10：00,7：00—9：00,12：00—14：00,6：00—7：00,否,否,5,是,一周可申请两到三天在家办公,
阿里,1688,产品,杭州,10,8点走一半,"
1.5h",6点,可以早走,可以早走,5,否,老人多养老，业务没发展（求问商业化方向）,
阿里,"
阿里云城市大脑",算法,杭州,10:00-10:30,不打卡，一般十点之后,12:30-2:00,6:30-7:30,否,可以5:30走,5,周报,缺人导致人均工作量太大，不知道是不喜欢部门所做的方向还是招人太苛刻了。氛围好，leader人好，但是技术一般,
阿里,AE技术部,算法,杭州,10:30之前,8:00-9:00 有事可先走,12到14,6:00以后 20元餐补,否,6点，甚至可以提前走,5,双周报,部门整体作息很好，氛围也很好。但部门间存在政治斗争，有不稳定因素。,
阿里,cbu,研发,杭州,10,9,12:00-14:00,18:00-19:00,否,6点下班,5,双日报,氛围一般，实习生卷废，正式工下班时间可以到11点之后。卷，人员流动性大，pua。,
阿里,data,后端,杭州,10-11.30,22:00往后,12点-14点,18点-17点,周四特俗,吃完了就可以走,5,日报，周报，月报,正式员工加班多，实习生还好，导师还不错能学到一点东西，但转正工资也不高，跑路,
阿里,gts,后端,杭州,10点,11点以后,11.45,6.00,不,无,5,需要,团队有三个卷王凌晨一点还在批单子,
阿里,本地生活,后端,,10-10.5,8-9.5，实习时没呆到过9点，8点就走了一批了,2h,看个人,否,可早走,5,,,
阿里,本地生活,算法,上海,10：30,20:00-22:00,12：00-14：00,18:00-19:00,否,吃完晚饭可以走,5,正式员工周报+月报,氛围不错，有比较完善的文档，新人入门不错，业务压力比较大，有流动,
阿里,菜鸟,测开,杭州,10:14,无事6，加班9：30-11，周五6点,12到14,17-18,否,是,5,月报,测开还是轻松的，有的部门累一些，不好招人，晋升挺快的，氛围很好,
阿里,菜鸟,运营管培,杭州,10:00,22:59,不午休,,,六点走,,,,
阿里,菜鸟-大快递技术部,后端,杭州,9:30-10:00,9:00-10:00,12:00-14:00,6:00,否,可以早走,5,周报,组内老板空降，内斗比较厉害,
阿里,菜鸟人工智能部（算法）,机器学习算法工程师,杭州,10:00,8:00以后就可以走了,12:00-14:00,18:00-19:00（可以20:00之前回来）,否,18:00走人,5,双周报,不打卡，氛围比较轻松，不太卷，九点以后基本没人了，周末几乎无人加班。但是后端很累，从早到晚开会,
阿里,菜鸟消费者,产品,杭州,10:00,按规定是18点下班，但一般吃了公司晚饭再待一会儿，七八点走,12.00-14.00,18.00-19.00,无,没事可以六点走,5,,,
阿里,CBU-C2M事业部,Java开发,杭州,10:00,9:00,12:00--2:00,18:00-19:00,否,6点下班,5,周报,,
阿里,cco技术部,后端,杭州,10,22:30至上限不定,2个小时,,,可以6点走,,,除了卷，其他都挺好的，9点半走都得偷偷摸摸，但是团队同事都很友好,
阿里,cco线,开发,杭州,9.30-10.00,9-9.30,12:00-14:0”,18:00,否,是 6点下班,5,一个月日报，周报,团队氛围好 不用打卡,
阿里,cco线,开发,杭州,9.30-10.00,9-9.30,12:00-14:0”,18:00,否,是 6点下班,5,一个月日报，周报,团队氛围好 不用打卡,
阿里,CFO产品技术,后端,杭州,10,9,12：00-14：00,18-19,否,是,5,双周报,还行，希望能早点下班,
阿里,cro线,安全,上海,10-10:30,有事就6点，正式员工7、8点开始撤退,12-14,18,否,走得早,5,周报,,
阿里,CRO线,算法,杭州,10:00,9:00,12:00,6:00,否,是,5,需要周报/双周报,pua有一些，领导都喜欢听话的员工，不喜欢有个性的员工,
阿里,cto数据技术与产品部,后端,杭州,9:30-10:30，不打卡,6点后可以走，一般都是9点,12：00~14：00,18:00,可选择参加活动日,5点-6点可以走,5,双周报,几个主管都很好，大团队氛围也不错，没有明显感受到pua。但做的是toB，感觉日活不高~,
阿里,cto线 AI国际事业部 广告工程,后端,北京,10:00,21:00左右，可早走一会,12到14点,18到19点,是，七点下班或者集体活动,七点多下班,五天,周报,负责Lazada广告工程架构，团队较新，组内高P较多。促销节日需要值班,
阿里,CTO线淘系技术部,测开,杭州,10:00,9:00-10:00,12:00-14:00,18:00-19:00,没事的话可以六点多走,没事可以六点多走,5,周报,组内氛围好,
阿里,ICBU,后端,深圳,9:30前,21点后,1.5h,1h,否,可以六点走,5,双周报，敏捷晨会,,
阿里,大进口,后端,杭州,10点左右,不打卡，一般八九点以后,12:00-14:00,六点后随意,否,18点走,5,双周报,氛围还好，看老板,
阿里,达摩院-IIC智能服务事业部,C++研发,杭州,10:00,21:00左右,12:00-14:00,6点,一部分会早走,绝大部分会早走,5,日报(个人感觉不是很严格),时间相对自由，但是老人和社招较多，应届生和实习生需要较强自学能力,
阿里,钉钉,测开,杭州,9.3,最近都6点，8点没人了,12,6,运动日,每天都周五,5,双周报,gwy 作息，不接测试业务，全部开发工具，因此不用加班,
阿里,钉钉,客户端,杭州,9点半,9点,12点,6点,是，实习我没提前走,是,5,双周报,氛围不错，技术可以，正式员工活有点多,
阿里,钉钉IM Core,后端,杭州,9.30前,21,1.5h,6.00-7.00,活动日,可以,5,双周周报,比较卷 oncall  任务多 比较push 偶尔压测到凌晨,
阿里,钉钉-基础平台,开发,杭州,9:00-9:30,19:00以后主管就溜了，陆陆续续其他人跑路,11:50-13:50,17:50-19:00,否,18:00蹭完晚饭后就可以溜了,5,双周报,每周二、四晨会，组里都是老员工，有背薪风险,
阿里,阿里妈妈,算法,北京,10,9.开始下班 组里基本卷到九点半十点,同上,六点开始,否,可以六点走,5,双周,厕所不能摸鱼 中饭餐补税前25 晚饭餐补25点券 九点后打车免费 婚假两周 outing算年假里面,
阿里,阿里云,后端,杭州,10,9,1.5h,1h,是,6点,5,周报,氛围不错，但是需求不少,
阿里,阿里云,后端,北京,10,大部分人8点，有事直接提前走没人管,12点-14点,6点,否,否,5,周报,整层楼随时都有一半工位空着，不知道人去哪儿了,
阿里,阿里云-边缘云原生,C++开发工程师,杭州,10:00,9:00（）,12:00-2:00午休吃饭,18:00-19:30,有时可以早走，看情况,6点下班,5,周报,小组用的语言是go，氛围不错，师兄都挺好的。业务跟k8s，服务网格相关，偏基架，为CDN，边缘云做服务。,
阿里,阿里云操作系统,内核,上海,10,9,2,1,周三6点,6点,5,单周报,,
阿里,阿里云GTS,后端,杭州,10,9,,,,,,,,
阿里,阿里云gts,前端,杭州,9:29,6:00-8:00,12:00-14:00,18:00-19:00,否,6点下班,5,周报,技术一般，氛围不错，适合养老,
阿里,阿里云gts,前端,杭州,9：30,6：00-9：00不等,11：50-12：30,6,否,随意,5,前一个月双日报，后面周报,还行，不卷,
阿里,阿里云-基础产品事业部,后端,杭州,10:00,6：00-8：00,2h,随意,每天都可以六点走,每天都可以六点走,5,日报,部门在阿里云极为少见，特殊原因工作自由，没事六点就可以背书包走，绝对的wlb，技术中等,
阿里,阿里云基础产品事业部,内核,杭州,10：00前,8点半左右开始走,2小时,一个小时,否,6点,5天,不需要,,
阿里,阿里云基础产品事业部,研发,北上杭,10:00,9:00,12:00-14:00,06:00-7:00,周二特殊,6:00下班,5,是,有卷王9107也有摸鱼王1065,
阿里,阿里云基础设施大计算,后端,杭州,10,9,11:44,17:44,是,是,5,是,,
阿里,阿里云-容器服务,基础平台研发,北京,11:00之前,8:30-9:30,12:00-14:00,18:00-19:30,看情况,基本所有人都早走,5,无,,
阿里,阿里云事业部,内核开发,杭州,9点晨会,20:30,12：00~14：00,18:00,否,,5,双周报,,
阿里,阿里云网络,SRE,杭州,10,9,11:50-14:00,6:20,否,可以六点走,5,周报,大佬同事比较多,
阿里,飞猪,产品,杭州,9：30-10：00,通常10点，11点多也有,2h,1h,豆,6点,5,写,卷,
阿里,飞猪,后端,杭州,10,9：30,12.00～14:00,18,否,6点走,5,新人需要,氛围还行,
阿里,飞猪,前端,杭州,10,6,2h,2h,必须走,早走,5,不用,话不多说,
阿里,高德,前端,北京,10.30之前,9,12-2.00,6月7日,否,5.30下班,5,实习生转正答辩之前要,,
阿里,高德,前端,北京,十点,九点,12点到14点,18-19,否,六点可以走,5,周报,小组氛围感觉可以，大主管感觉人也不错，周二晚饭可以去健身房运动,
阿里,国际化中台,后端,杭州,10:00-10:30,6-9 大部分八点左右,12:00-2:00,6:00-7:00,否,6点下班,5天,实习期间不写,组内氛围不错，但部门相对边缘,
阿里,盒马,测开,杭州,10,10,2h,不固定,否,6点,5,周报,,
阿里,ICBU技术部-广告,后端,杭州,9:40,10:30,12:00~14:00F:\sdmiflmu\2024.gif,18:00,否,可以6点走，但大家一般卷到8点,5,新人日报/所有人周报/每日晨会,内卷严重，活多人少，P6晋升机会渺茫,
阿里,考拉,数据,杭州,10,9,12:00-13:30,18:00-19:30,是,是,5,否,很棒,
阿里,蚂蚁财富技术部,后端,北京,10,9点后 周三周五6点,12到14,18,是,是,5,不用,可能会需要出差杭州，不太卷,
阿里,蚂蚁cto,安全,杭州,9:29,7点左右领导走人,12到14,18点,否,可以早走,5,只有月报,主管nice，有独立房间作为实验室，氛围不错,
阿里,蚂蚁cto,研发,北京,10点左右,9点后 有事能早走,12-1.30,6月8日,否,是 可以六点就走,5,需要,,
阿里,蚂蚁cto-数字化管理技术部,后端,杭州,10,9-10（某些组很卷）,12-13.30,18-19,分组,分组,5,无,有的组卷麻了，有的组还可以 不过业务不怎么样,
阿里,蚂蚁-体验技术部,前端,上海,10:00,8月10日,2h,1h,否,可以早走,5,,,
阿里,蚂蚁支付宝,测开,杭州,9点半,10点,12.00-14.00,6,是 可以去爬山,可以七点走,5,日报,氛围不错 技术好 师兄人不错 就是太卷,
阿里,摩酷,开发,杭州,9:30,19:00,12:00,18:00”,否,吃完饭走,5,双周报,,
阿里,企业智能,后端,杭州,9-10,8-10,12-14,18-19,大部分组特殊,6点下班,5,写,经常oncall,
阿里,数据产品技术部,后端,杭州,10,9,2h,1h,否,6点下班,5,,,
阿里,数据技术产品部,算法,杭州,10,9,2h,1h,无,周五6点可走,5,否,不卷，但技术一般,
阿里,数据技术及产品部,后端,杭州,9.30,21点,2小时,1小时,是,是,5,周报,,
阿里,数字供应链,产品,杭州,10,9,2h,1h,否,6点走,5,周报,,
阿里,数字供应链,后端,杭州,10,,11.50-14.00,6-7,周三运动之夜,6点下班,5,两周一次双周报,同事领导挺好的，聚餐多，部门人员流动较大，适当考虑,
阿里,数字供应链,后端,杭州,10点,9到10点,12点到2点,6点,运动日 6点可以跑路或者一起打球,6点下班，有事的话可以三点后就走,5,每天早上10分钟站会，双周报，同老员工,所在的组很不错，但是大部门很卷,
阿里,数字供应链,研发,杭州,10,老员工偶见12点后下班,2h,1h,否,6点可以走,5+（2）看需求,周报,,
阿里,淘宝买菜,后端,杭州,10,9.00-10.00,2h,6.00-7.00,否,6点走,5,否,就是oncall，任务多，活多。加班调休,
阿里,淘特供应链,后端,杭州,10:59,9:00,12:00-14:00,18:00-19:00/19:30,否,是（四五点开完组会就能走）,5,日报（写两周）,不卷 加班给调休 技术氛围很棒 去年部门整体绩效3.75,
阿里,淘特权益,后端,杭州,10.30,21.00-22.00,12:00-14:00,18:00-19:00,否,六点下班,5,三周日报,,
阿里,淘系技术部,后台,杭州,10点前,9,12到14,18-19,无,是，6点可走,5,是,卷，很多人很拼，上面的要求基本不是做表面功夫可以应付的,
阿里,淘系技术部,客户端,杭州,10:00-10:30,21:00-23:00,12:00-14:00,18:00-19:30,否,吃完晚饭走,5,双周报,事少但是很卷,
阿里,淘系技术部,前端,杭州,10:30,6点到9点,12:00-13:00,18:00-19:30,否,否,5,周报,不卷，技术含量不高，研究生慎选（）,
阿里,淘系技术部-淘宝直播,后端,北京/杭州,9:30-10:00,9点开始走，一般10点前跑路,12:00-14:00,18:00-19:00,否,一般会早走,5,周报,淘系里增长比较快的业务，需求比较多，很累，北京需要出差，leader和大leader人很好，组里有一些业务比较核心,
阿里,淘系技术部-消费者平台部,后端,杭州,10:00,21:00-22:00,12:00-14:00,18:00-19:00,否,吃完饭下班,5,tl要求双周报即可,氛围还行,
阿里,淘系技术部-消费者与商家平台-交易,后端,杭州,10：00,9：30,12:00-14:00,6-7,否,可以早走,5,双周报,组里牛人不少，但卷中卷，经常性半夜压测，oncall,
阿里,淘系商业机器智能,算法,杭州,10:00,9:00-10:00 有的组会卷到10点以后,12:00-14:00,18:00-19:00,无,没事可以六点多走,5,周报,组内技术氛围好，绩效压力较大,
阿里,同城产品技术部,后端,杭州,10:00-10:20,23:00 前后偏移20分钟,12:00,午饭加午休2h,无,实习时期6点走 不知道组里其他,5（正式可能选择加班周六）,写一个月日报 后面周报即可,生日、周年、晋升、新人加入老员工走 一般有饭吃，同事之间氛围还行。但下班太tm晚了（同部门的人可能10点走了）我组特卷,
阿里,文娱 优酷,后端,北京,9.30-10.00,8点可走,12：00～14：00,18:00,否,是,5,1,,
阿里,文娱-优酷,客户端,北京,9:29,老员工10点才走,12:00--14:00,18:00--19:30,否,吃了晚饭就走,5,双周报,同组后端早早就走了，客户端累啊。,
阿里,闲鱼,后端,杭州,10:00-10:30,7:00-9:30,12:00-14:00,18:00-19:00,是,是,5,半月报,氛围不错,
阿里,业务平台事业部,后端,杭州,10:00,22:59,2h,6:00-7:00,否,否,5，周六日经常需要抽一天加班,不需要,卷王之王的部门，氛围还行，杂活比较多，慎选,
阿里,业务平台事业部,后端,杭州,10,9.5-10.5,12-2:00,18-19:30,否,晚饭后就可以走,5,看组,氛围很好，我们组加班不算多,
阿里,优酷,服务端,北京,9:30,6点吃饭，一般吃了饭就能溜,12.00-14.00,18.00,否,否,5,双周报,,
阿里,友盟,算法,北京,9.30,20左右,12-14,18-19,有时有零食，可能有会,可以6点走,5,是,,
阿里,云存储,后端,杭州,10,9~10都有,1.5~2h,<1h,否,能提前1~2h走,5,否,氛围好，卷，流动性低,
阿里,云网络,后端,杭州,10,平常9后 有事可先走 周五6点,2,随意,无，周四晚上羽毛球,可早走,5,钉钉日报,氛围好，每周五中午经费吃好的,
阿里,智能引擎事业部,后端,杭州/北京,9：00—9：30,8：00—10：00不等,12：00—1：30,6,否,6点下班,5,周报必写，日报看情况,工作比较忙，但不算很卷,
阿里,,后端,杭州,10:00,21:00,12:00-14:00,18:00-19:00,否,6点下班,5,是,,
阿里巴巴,本地生活,算法,北京,10：30,20：30 -21：30,12点到14点,18点到19点,否,否,5,晨会+周会+周报+月报+技术分享会,氛围还好,
阿里巴巴,蚂蚁,市场营销,杭州,10,830-11点不等,12点,18点,否,没事可以6点下班,5,否,,
阿里本地生活,履约调度研发部,后台java,北京,10,8点左右,12.00-2.00,,,可以早走,5,不写,调度组大多数人在上海，负责骑手调度，有算法团队和工程团队，leader人好，不卷，业务一直在优化，但不会大改动,
阿里icbu跨境供应链,交易履约团队,前端,深圳,10点吧，不固定随意de,感觉也很随意，8，9点走,也很随意,6点吧，吃完溜一圈,周四可以,是，早走多,5,双周报,领导人很好，特别是基础业务小leader和大领导都很好,
阿里蚂蚁,成都-商家,后端Java,成都,10点,9点，有事情的话会晚一些,12-14,18点,周三运动日，可以6点走,大家一般6点就走,5,不写,团队氛围nice，成都不二选择，欢迎联系vx：luckybugq,
阿里蚂蚁,cro线,后端,杭州,10:00,一般9点后,12:00-14:00,18:00,活动日,是 6点下班,5,,,
阿里蚂蚁,cto数据产品技术部,数据,杭州,10,9～10,1.5h-2h,1h,否,六点就可以走,5,双周报,微卷，比较热爱工作,
阿里蚂蚁,cto线-技术风险部,开发,杭州,9.30-10.30,20：00-21：00,12:00-14:00,18:00-19:00,活动日,6点下班,5,无,我所在的组氛围好，上下班都比较弹性，主管一般七点多就走了,
阿里蚂蚁,大安全,风控策略,杭州,一般10:00前即可,正常19:00-20:00,12:00-13:30,18:00-18:30,不加班,一般五点开始陆续有人跑,5,新人第一个月写日报,,
阿里蚂蚁,风险管理,算法模型,杭州,9:30-10:00,建议9:00，可早走，经常搞活动晚上就过去了,12:00-1:30,6:00-7:00,否,周四周五6点走,5,包含1号、15号的那周五写周报,氛围很好，推荐！！！,
阿里蚂蚁,广告,算法,上海,9.5-10,9-9.5,1.5h,不固定,否,可以早走,5,,,
阿里蚂蚁,客权数生体验,运营,杭州,9:29,7-10都有,12:00-13:30,18:00以后,否,可早走,5,周报,卷，管理有点乱，警惕挂产运名头招体验运营,
阿里蚂蚁,体验技术部,前端,成都,,,,,,,,,,
阿里蚂蚁,体验技术部 - 前端平台 - 雨燕与架构,前端,杭州,10:00 左右,8:00 之后,12:00 吃完 - 2:00,6:00 餐补,无,无,5,新人（实习生、试用期员工）写周报,没有明确的下班时间，一般 8 点之后，周五可以早走，没事也可以早走，卷人可以很晚走。脸皮厚可以早点走。项目正在重构，前端项目是屎山，进去就是铲屎官,
阿里蚂蚁,支付宝技术部-中台与业务技术部,算法,杭州,10:00,21:00,12:00-13:30,18:00-19:00,否,6点下班,5,否,,
阿里云,混合云云盾,后端,杭州,10,9,12-14F:\sdmiflmu\2020.gif,18,否,可以早走，一般八点,5,新人周报,业务边缘，氛围还行，活多人少，业务上线加班重，轮班oncall，技术一般,
阿里作息,技术风险与效能部 TRE,基础平台研发,杭州,10:00 ~ 11:00,21:00~22:00,12:00 ~ 14:00,18:00 ~ 19:00,周三健康日,可以早走,5,要写周报,是在哪个团队呀？,
方正投行,长沙,业务部,长沙,8点,十点，忙的时候十二点,,,,,,,,
纷享销客,北京研发中心,后端,北京,10.00-10.30,一般7.30-8.00,12:00-14:00,6.30,不加班,不加班,5,周报,"氛围好,SaaS 行业龙头",
纷享销客,北京研发中心,前端,北京,10.00-10.30,一般7.00-8.00,12:00-14:00,6.30,不加班,不加班,5,周报,"氛围好,SaaS 行业龙头",
高升数据,运维支撑,产品,天津/徐州/常州,9:00,5:00(冬) / 5:30（夏）,12,无,无,无,5,日报周报,,
国家开发银行,信息科技部,技术,北京,8:30,17:30,11-13:30,17:30-18:30,正常,正常,5,不需要,,
虾皮,广告,产品,深圳,10,22:00-24:00,12:00-14:00,18:00-19:00,否,可早走,5,要,,
虾皮,金融,后端,深圳,10：00-10：20,7：00-7：30,12:30-14:00,下班吃,否,否,5,不需要,加班少,
虾皮,跨境,数据分析,深圳,10:00,18:29,12:00-14:00,下班了,否,否,5,不用,挺好的,
虾皮,卖家,后端,深圳,10,7-8.3,2h,,,可以,,,还行,
虾皮,外卖/shopeefood,前端,深圳,10：00-10：20,7：00-7：30,12:00,7:00,x,x,5,要,新业务 不加班 业务发展迅猛 （吃饭➕睡觉 2h）,
航天,后勤扫地僧,全栈,南京,8:30,5:00,11:30,回家吃,跑,跑,5,口头汇报,作息很好，领导很好,
好未来,题拍拍（现智能学习）,算法,北京,10:00,正式工9点，实习生7点,11/30-14:00,18：30-19:30,无,不知道,5,否,氛围好，组内和谐，经常聊天；但是现在公司遇到了点挫折,
好未来,智能学习,前端,北京,8:00,起码20:00之后(可能肝到没地铁),12:00-14:00,19:00,否,否,5,日报+周报,leader太卷，早上7:00来公司，要求带的新人也是，待不住了跑路,
华润,华润万家高端门店商品部,速食采购,西安,9:00/15:00,16:00/22:00,12点-12点30,17点-17点30,正常上下班,无,一个月上够24天即可,无固定无强制日志,零售行业年龄差异大，基层年龄较大，相比较普通华润万家管理层年轻化。,
华泰,自营,量化,南京,8:30-9:00,17:00-21:00,11:30-13:00,18:15,否,否,5,否,,
华为,cbg,客户端,上海,9:00,10：30—11：00,12-13：30,5:30,9点之后回来加班,y,6,要,领导几乎很少早于凌晨下班,
华为,CBG 短距通信,算法实习生,上海,9,8.30 正式员工一般十点以后,12.30-14.00,18,是 但是一般不会早退,是,5 月末周六加班 正式员工平时也加班,周报,氛围不错,
华为,CBG云服务部,软开,深圳,9:30,一二四加班到晚九点，三五晚六点到点走,12:00—14:00,18:00,周三到点走不加班,周五有下午茶，到点走不加班,5+月末周六,写,华为的互联网部门，技术栈与互联网大厂一致，怕员工被挖部门薪资待遇相对高一些，华为现在开始布局互联网板块，部门未来发展看好,
华为,cbu计算服务产品部,开发,杭州,9,9-10点,轮流、2小时或一个半小时,一个半小时,是,是,5、月末周六加班,周报,氛围不错，拉通对齐有点多，老员工要轮流夜间值班变更,
华为,Cloud BU EI产品部,算法,杭州,9,9,12-14,5-6,是,是,5,周报,看组，有的组比较push，有的leader佛系,
华为,CloudBU,后端,北京,9:34,理论6:00-8:35 大多数人都会9点走,,,,,,,,
华为,HCS解决方案部,通用软开,成都,9.30,大家一般八点半到九点，卷的十点,11.45-14.00,18：00,是，六点可以走,六点可以走,5,需要写,,
华为,华为云go,云计算,杭州,8:30,,2小时,半小时,否,否,,,没活就是玩,
华为,机器视觉,,,,,,,,,,,,
华为,机器视觉_创新及智能开发部,算法工程师,杭州,9:00，晚5分钟打卡影响劳动评价，不论一天工作多久,6:30，晚上有分享的话9:00,11:30或者11:50,17:30,6:30 都回家,6:30 都回家,5天，月末周六加班,要,小组缺人，业务方向探索中，不保证高绩效,
华为,人工ai,测试,西安,9：30,18:00,12:00-13:30,18:00-19:00，1.2.4.6固定加班,有零食,有团建,6,是,加班多,
华为,数通,SWE,苏州,9:29,5:30,随便,,,no,5,写。就两句话,请假不用打招呼 直接系统填写 不加班 很舒服 想干就干 不想干就不干,
华为,数通-路由器,后端,北京,9：30,22：00-22：30,12：00-14：00,18：00-19：00,可以早走，不过一般没机会,同周三,5（一般周六要加班）月末周六大家都懂,是，转正后不用写,氛围不错，但是工作多，累，管理比较乱，老员工走的多，新员工当老员工用。普遍一个人干2-3个人的工作,
华为,消费者业务线,客服岗位,东莞,8点,22点,12点到一点半,五点半,无,无,7,,需要主动加班,
华为,营销,海狗经费审批,,,,,,,,,,,
华为,,数通,北京,9:29,18:00,2小时,回家了不知道,否,否,5天,需要,带薪自习，爽得很 想干嘛干嘛,
幻方量化,交易,开发,杭州,9:00-9:30,17:30（周二周四21:00）,11:30-13:00,17:30-19:00,否,否,5,不需要,扁平、自由,
吉利,曹操出行-用户体验,高级投诉,杭州,8.30,17.30,11.30-13.00,无,无,无,6,否,氛围不错，也挺轻松的,
京东," 京东科技-BI项目组",后端,北京-国家会议中心,9点-10点,6点-7点," 12点开始休息两小时"," 6:50之后",否,否,5,周报,很轻松，养老的目标地，每天7点左右有免费加班餐，不想吃加班餐六点之后就可以走了，前提是打够了8小时的卡,
京东,大商超-餐饮,前端,北京,9-9.30,6.3-9.3,11:30-14:00,18:30-19:30,否,否,5,周报，写的不饱和会挨训,技术氛围差，正式员工加班费算在工资里，喜欢晚上十点后上线,
京东,风险管理,后端,北京,9:00,7:59,12:00—13:30,6:39,否,否,5,周报,环境好，食堂非常不错，轻松,
京东,风险开发部,后端,北京,9:29,9:30，周五7点,12:00-2:00,18:40-19:30,否,是,5,周报,,
京东,基础服务,后端,北京,9.30-10.00,最早8点，最晚11点,11.30-1.30,无限制白嫖饭 吃完饭健身走一波,否,可早走,5,不写,氛围好，适合摸鱼,
京东,基础事业群机器学习部,算法,北京,打卡制，一般10点前,9:00,12到14,6:50以后加班餐,否,否,5,要,同事间氛围超好，一同被压榨,
京东,集团,数分,北京,9:29,通常9点左右，range 7-12点,12:00-1:30,,,否,,,,
京东,健康-互联网医疗,后端,北京,9:29,8:30-10:00,11:45-14:00,6:50,否,否,5,新人不写，老人周报，写得简单,氛围好，迟到说一声就行，流动性较高，一般卷，加班有调休，申请流程简单,
京东,健康-技术产品部,后端,北京,9:00,8点到10点居多,11.40-14:00,18:39,否,很多六七点就走了,5,周报,环境好，食堂好，部门关系融洽，适合发展,
京东,交易质量,测试,北京,9:29,7:59,,,,,,,,
京东,金融科技群,前端,北京,10:00,7点以后,一般11:30-1:30,6:50点后免费,否,随意,5,新人周报,吃饭不花钱吃饭不花钱吃饭不花钱吃饭不花钱吃饭不花钱吃饭不花钱吃饭不花钱,
京东,京东零售,运营,北京,9:00,23:00:00,12:00,19:00,无,无,5,是，日报,,
京东,京东物流技术发展部,后端,北京,10：00,6：00，打卡8小时可以走,11：00-13：00,18：50,否,否,5,不需要,线上项目，非常忙，氛围很好,
京东,京喜,后台,北京,9点(只要一天上班时间够9小时),9点,12:00到13:30,18:50以后送15元,否,否,5,是,我们部门是京东最卷的吧，感觉人人自危，尤其是我们小组,
京东,京喜,类目运营,深圳,9点,20:00～23:00,12:00-13:00,18:00-19:00，比较灵活,否,一般七点左右陆陆续续走,5,看团队,业务不大理想，一年换三次VP,
京东,京喜,数分,北京,9:00,8:15，无事6,12:00-13:30,19:00,否,否,5,周报,还可以,
京东,京喜-数分,数分,深圳,9.00,21.00-22.00,12.00-13.30,6.00-7.00,否,否,5,前期周报，现取消,,
京东,零售-数据技术中心-应用治理部,后端,北京,9:00,6:00 - 7:00,12:00,,否,否,5,周报,"养老好去处,就是组里平均年纪有点大,新人的培养一般般,但是需要轮流值班.(是基架部门的特点吗)",
京东,商提-广告架构部-技术效能,测开,北京,10：00-10：30,9点左右,2h,6.50后加班餐,否,否,5,写日报周报,leader和同事都很好,
京东,商业提升(广告)-广告数据,大数据,北京,9-11,8.-9.30,11.50-2.,6.50,否,否,5,周报,"具体下班时间看组，有的组挺卷的基本9.以后走,每天打卡要够8小时，加班可以调休，不过调休一般用不完的...",
京东,数据中台,后端,成都,9:00,9:00,11:40~1:40,7~8,是，六点下班,六点下班,5,周报，早会,氛围nice,
京东,网络安全部,产品,北京,九点半,七点,12.00-14.00,7,否,否,5,是,七点加班餐，实习生吃完饭就撤了,
快手,电商,后端,北京,10点左右,10点,12月14日,7点,否,8点人基本都走了,5,需要,,
快手,电商行业运营,行业运营,北京,10点半,9-10点,12.00-14.00,19:00-20:30,否,否,5,要,,
快手,海外,测开,北京,9:30-10:30,21:00左右,12:00-14:00,19晚餐，20后获得餐券,否,否,5,看组吧，我没写过,氛围好，同事关系融洽,
快手,商业化电商营销,测开,北京,10,9.5－10,12,7,否,可以提前一点点走,5,都需要写,对应开发很好，组氛围较卷,
快手,商业化-生态营销,后端,北京,10:00,晚10之后,12,7,无,7-8点走,5,需要,,
快手,搜索技术部,算法,北京,10-10.30,8到10点,12到14,19-20，20后可领餐券,否,可以早走,5,不用，可能跟mentor有关,氛围节奏都还行，就是排期很满，mentor非常忙，可能没时间带人,
快手,效率工程,产品,北京,10-10.30,9.30-10,2h,7,7.走,7.走,5,需要,,
快手,效率工程,Java后端,北京,10,10,12,19,否,7点可以走,,要,,
快手,效率工程-平台应用,前端,北京,10点,9点,12点-14点,19点,否,吃了饭就可以走,5,周报,正式员工偶尔上线需要加班晚一些，平时工作强度还可以,
快手,音视频技术部,后端,北京,10:00,9:00左右,2h,晚7:00后免费晚餐,否,否,5,看组,部门核心，员工关怀很好,
快手,用户增长,后端,北京,10-10.5,9-9.5,2h,看个人,否,没注意,5,有周报组会,组里氛围不错 leader人很好,
快手,y-tech/AI工程组,前端,北京,十点-十点半,8点到九点,12点-14点,19点,否,吃了饭就可以走,5,周报,不卷，适合养老，正式员工很多时候晚上七点吃了饭就可以走，想学技术别来，太清闲,
快手,主站技术,客户端,,10-10.5,9-9.5,2h,看个人,否,可以早点走,5,否,,
快手,主站社交,客户端,北京,10点,平均8.30,12.00~2.00,19,否,是,5,早会,摸鱼,
旷视,前端中台,前端,北京,10:30,7点到10点（多为9点）,12:00-14:00,19:00,否,可以7点走,5,日周报,leader人不错，组内氛围也不错（实习生发言）,
老虎证券,开户账户rd,后端,北京,9:30-10:30,19:30-20:30,12点到14点,18点到19点,否,开会，走不了,五天,日报&周报&okr,新公司，同事比较nice，稍内卷，一般午餐晚餐下班都要卷半个小时，考勤松散，月平均十小时就可以。,
老虎证券,前端(非esop),前端,北京,9-10.30,9-10.30,2h,1h,否,否,5,日报&okr,很离谱，公司要求10个小时就够，但9点之前几乎没人走，一个比一个卷,
莉莉丝,,产品,上海,10,7,12~14,下班吃,否,否,5,周会,基本不加班，但是项目方向不明晰,
绿盟,网络安全技术部,后端,成都,10:00,7点左右，忙起来一般9点走完,12-14,饿了6点去吃,否,否,5，忙起来时不时周末加班,日报周报，随便写写，转正就不用日报了,总体还算轻松，有些组特别卷，安全厂商研发出差多，圈子小，研发流程混乱，近几年技术同质化厉害，没啥新技术提升，加班都是换调休，没有加班工资，但加班太多了的话可能休不完,
美团,"
平台商业分析部",商分,北京,十点之前,8:00-10:00 九点多居多,12:30-14:00,,,可以稍微早一点点,,,研发园办公室宽敞，培训课程多,
美团,AI视觉中心-OCR组,算法,北京,10:00,9:00,12:00,6:00,否,否,5,需要日报/周报/双周报,pua很猛,
美团,app技术部,后端,北京,10点30,7点就能走，但大家普遍九点走,12:00-14:00,18:00,否,周会，7点就都走了,5,需要,团队氛围不错，同事都很nice，但工作基本都是维护老系统，堆屎山,
美团,餐饮SaaS,后端,成都,10,8点后开始走,2h,1h,否,可以早走,5,需要日报周报,,
美团,打车,用户运营,北京,10:00-10-30,待够9小时，但普遍八九点走,11:30-14:00,18:00-19:30，就只是吃个饭,否,,5,写,我们组好卷，隔壁组加班少（sigh），不过就没见过不加班的运营。我们假期需要值班，国庆七天日报天天更新。不过还是欢迎大家来！同事们很nice！内推及部门情况vx：YYO252515,
美团,到店,产品,北京,10:30,19:59,12:00-14:00,,,否,,,部门氛围好，大小老板都很好，组里流动性小。办公环境一般，公司整体福利懂得都懂。作为新人很推荐,
美团,到店,产品,上海,9：00-10：00,19-22,12-14,18,无,可以早点走,5,周报,不卷，30+的员工不少，可养老,
美团,到店餐饮saas,后端,北京,10：30,9：30开始有人走,12：00～14：00,18：00～19：00,否,周五基本6点之后leader就催你回家了,5,新人写一个月日报，周报新老人都要写,氛围挺好的，就是toB的逻辑架构太复杂了，不过挺锻炼人的,
美团,到店广告平台,前端,上海,10:00-10:30,8:00-9:30,2h,随意,否,可以早走,5,周报,氛围好,
美团,到店某部门,客户端,北京,10-10.5,9_10,2,自由,否,可以早走,5,不清楚（旁边组的）,感觉他们氛围不错,
美团,到店平台技术部,后端,上海,10:30,21:29,12:00--14:00,18:00,否,8点可以走,5,日报+周报,上海整体不如北京核心，但是在上海整体互联网看来，还算不错,
美团,到店saas,后端,北京,10:00,9.5-10,12月14日,18-19,否,,,日报周报都写,,
美团,到家 团好货,产品,北京,10点30,8-11点不等,12点到2点,6点，不限时,否,否,5,周报,新业务，投入大但是目前没什么起色，我在的部门挺卷，但是部门氛围及同事都挺nice，也有部分pua严重的领导可以避雷,
美团,到家-到家研发平台,后端,成都,10:00-10:30,20:00,12:00-14:00,18:00,否,可以早走,5,周报,组内氛围很好，技术也不错，业务主要做内部系统，比较复杂,
美团,到家-交易系统平台,后端,北京,10:19,21-21:30,2个小时,1个半小时,否,可以6点走,,,我的那个小组氛围很不错,
美团,到家-配送技术部,后端,北京,11点之前,9点,12:00-14:00,18:00-19:00,,6点,5,我们组不写,老员工9点开始走，9点半差不多走一半; 业务核心且复杂，累死,
美团,到家闪购技术部开放平台组,后端,北京,10:30,9:29,12:00-14:00,18:00-19:00,否,18:00可以走,5,需要写周报,组里氛围不错,
美团,到家-体验,运营,北京,10点-10点半,8-9点,12到14,18点开始，20点后餐补30，21点半后打车报销,否,可以适当早走,5,周报,氛围挺好，不卷,
美团,到家-外卖,研发,背景,09.30-10.30,8.30-22.00,12.00-14.00,18.00-19.00,无,晚上可以早点走,5,周报,,
美团,到家-外卖-广告,前端,北京,10:30-11:00,9:00之后,12:00-14:00,18:00-19:00,否,可早点下班,5,日报，早会，周会（看leader）,如果日均打卡时间不到11个小时会被约谈，但整体氛围挺好，基架组很卷，好像10点11点才下班,
美团,到家-外卖-用增,运营,北京,10:30,8:00-9:30 取决于活干完没,12:00,6:00,否,否,5 周末随时oncall,需要日报/周报/月报,有点卷 事挺多 领导比较小气,
美团,到家-外卖-质量效能,测开,北京,10:30前,9点左右就没人了,12到14,18点开始，20点后30餐补,否,可以,5,新人前三个月日报,,
美团,到家-医药,产品,北京,10:30,20:00-22:00,12:00-14:00,随意1h,否,可以早走,5,周报,,
美团,到综,产品,上海,9:30前,9:30后,2h,1h,否,否,5,周报,,
美团,到综数据,开发,上海,10点,9点,12点-2点,6点 -7点多,否,可以早点走  8点走 或者6点走,5,周报所有人都要写,,
美团,地图,客户端,北京,10.3,9,2h,1h,否,可以早走,5,都要写，简单列一下工作,氛围好，同事都很好,
美团,点评事业部,产品,上海,10点前打卡,20点以后（小组比较卷）,12-14,18-19（弹性）,否,基本19点可以早走,5,一起写周报,美团周报+日报+月报+述职太卷，一周5天开会2天，可能看业务小组leader，业务数据导向严重，比较累,
美团,hr研发中心,后端,北京,10,8,2h，12-14,1h，18-19,否,可以6点走,5,要,,
美团,基础架构,后端,北京,,8:00-9:00,不限制一般2-2.5h,不限制一般1-1.5h,无,可以早走,5,,,
美团,基础架构,客户端,上海,10月11日,8月9日,11:45-14:00包括午休,17:55-19:00,否,小部分早走,5,周报,团队氛围好，培养机制nice,
美团,基础研发平台,开发,北京,10:00,9:00左右,12:00-14:00,18:00,否,是（看具体小组）,5,日报 周报,不同小组下班时间差距比较大,
美团,基础研发平台,系统研发,北京,09：30,八点半左右,12点到14点,18点到19点,否,节假日可早下班,5,周报,挺好，适合养老不卷,
美团,基础研发-质效部,测开,北京,09:30,8:00-9:00（各个组内不一样）,12:00-14:00（11:30其实就可以走了）,6-7,否,周五可以早走,5,日报很简单、周报也很好写,氛围很轻松，新人培养很不错，有一段时间的过渡，上下班时间也不是那么严格，和leader说一下可以灵活调整,
美团,基架,后端,,10.5,8.5,2h,1h,否,六点就可以走,5,周报周五，开组会,氛围好，轻松，时间自由,
美团,交易系统平台,后端,北京,10-10:30,九点后,2小时,一个半小时,否,六点,5天,需要日报周报,业务极其注重稳定性,
美团,金服,测开,上海,10:30   ---  11:00,10:30   ----  11:00,2h,18-19,否,可以早点走,5,新人写日报,女生多，组里人挺好，挺忙,
美团,金服,测开,北京,10.3,看情况，基本都是晚上9点,12月2日,18-19.30,否,没事可以早走,5,是,,
美团,金服,风控策略,上海,10.30,21.30-22.00,12.00-14.00,18.00,否,可以早走，满9小时即可,5,要写周报,工作时间还是很长的，组内氛围还可以,
美团,金融,后端,北京,10:30,老员工11：00 —12：00,,不固定,否,2h,,,,
美团,金融,后台,北京,10点半前,9:29,12到14,,,是,5,是,,
美团,金融,数开,上海,10:59,6点健身吃饭，8点回去卷到9.30点,12到14,,,无上线任务可以,,,氛围很好，活不多，可以七点走奈何有车补饭补，流动性不大，每周4开半天周会,
美团,金融服务平台-风险控制中心,风控策略,上海,10:30,10:00,12:30 - 14:00,18:00-19:00,否,否,5,,卷，ld要求高，劝退,
美团,快驴,产品,北京,10：30-11：00,8：00-10：00,12：00,6：00,否,否,5,不写,整体不卷，但是业务前景不明朗,
美团,快驴,后端,北京,10-10.30,8.30-10,12：00-2：00,6：00-7：00,否,6点,5,有日报要求，但实际只写周报,氛围不错，同事很好，但是技术含量偏低，纯业务部门,
美团,买菜,数据研发,北京,10:30,21:30,12:00-14:00,18:00，一般1个小时，没硬性要求,有时候有团建,可以早走,5,有周报，日报,氛围很好，工作强度一般，看领导情况，有的组每晚8点就走,
美团,美团-基础研发平台-信息安全部,前端,北京,10,8-9,12-14,6,否,可以6,5,简单日报和周报,同事氛围关系好，但技术一般般,
美团,美团买菜供应链,后端,北京,10-10：30,21:30 - 22:00,12:00-14:00,18:00-19:00,否,周五8点左右走,5,新人日报，老员工周报,氛围不错，业务还在快速发展，九点半免费打车，没事也等打车走,
美团,美团平台搜索,客户端,北京,10:30,8-9点,12-2:00,6-7:00,否,否,5,新人第一个月写日报，周报需要,,
美团,美团优选,产品,北京,10点半,21点前后(10分),12:00-1400,18:00-19:30,否,可以早走，大概7点多就可以,5,周报,团队超级nice，大家不内卷，每天一起下馆子吃饭，团建多，经常狼人杀，都是热爱生活的人,
美团,美团优选 物流测,测开,北京,10-10:30,9.左右，看手头的活是否做完,12月14日,6,否,看手头活是否做完，可以早走,5,日报➕周报,氛围不错，工位挤,
美团,闪购新业务研发组,后端,成都,10-10：30,8点-9点半（上线会晚一些，大多数9点）,12-14,18-19,否（周二运动日19点半）,6点,5,新人日报，老人周报，日报一个月后没人管,几个组氛围不错 业务都比较新，toc业务，成长快，但压力不算大,
美团,视觉智能部,后端,北京,10--10:30,8:30,2h,1h,否,可以早走,5,新人周报,比较轻松,
美团,团好货,产品,北京,10-10:30,8-8:30,2h,1h,否,否,5,周报,比较养老 业务快死了 团队氛围很不错,
美团,外卖,后端,北京,十点到十点半,九点到九点半,十二点,六点,否,晚饭吃了可以走,5,周报,体验很好，不卷,
美团,外卖,前段,北京,10.5,9.5,2,1,否,是,5,日报 周会,流动性大 卷,
美团,外卖,数开,北京,10-10.5,9.5-10,2h,自由,否,晚饭时间可以走,5,是,组里氛围很好，人员流动性小,
美团,优选,后端,北京,10:30-11:00,8:00-9:00,2h,,,,,,,
美团,优选商品,后端,北京,11：00之前,晚上至少11:30,12到14,6点开始,否,可以适当早走,5,新人日报＋周报,整体老人偏多，晋升有点困难，卷,
美团,优选-物流,后台开发,北京,10:30,9:29,12.00-2.00,6.00-7.00,否,没事可以早走,5,新人入职前三个月需要写日报，周报分小组,没有食堂，每天晚上8点之后打卡有30餐补,
美团,智慧交通机票,后端,北京,10~10.5,8~10,12~14,18~19,否,早走，一般吃晚饭渐渐都走了,5,都要,氛围很好（我们几个实习生公认的），不卷。营销小组稍微忙一点，技术还行，体系较为完善，没有太多新系统产生，leader不pua，前辈也很nice，不足就是系统qps有点低，且在美团有点边缘，有的业务是运营提需求。,
明略科技,秒针,算法工程师,北京/上海,10点,7点,12:00-14:00,下班,否,,5,不需要,不加班，工作强度低，适合养老,
蘑菇街,中后台,前端,杭州,9:29,6:29,12:30-14：00,随意,从不加班,从不加班,5,周报,非常舒服，技术也不错，大家都轻松过日子，堪比公务员。,
南方基金,it投研,投研,深圳,8.40,8～9,11.30～13.00,6,一半一半,可以6下班,5,周报,非养老 考虑清楚,
拼多多,多多买菜,软开,上海,10：00,8:00-9:00,12：00-13：00,无,是,否,6,,质疑：这是假的吧，pdd怎么可能9点下班？？附议，玩不起别写，我不信正常九点下班 // 同意，买菜是pdd核心中的核心，一般都是老员工，没见过有实习生，而且超级累，的当然调薪也很猛。// 八九点下班没有晚饭吗？编的吧。另求其他拼多多的同学爆料 // 多多买菜非技术（base上海总部的部门）回应：fake news //hr有点良心吗？为了招人骗人写9点下班？不要脸,
拼多多,多多买菜,商务,上海,11:00,8:00,12:00-13:00,18:00-19:00,否,否,6,否，集体写周报，出差写日报，和老板关系好就不用出差日报,日常确实不卡考勤加班，但是组内朝令夕改；出差非常非常多，一个月至少半个月在外地，而且出差费用很久都报销不下来，常常会出现垫付几万块几个月没报销的事情,
拼多多,广告,数分,上海,11：00,10：00-11：00,12点到1点半,18点到19点半,否,周五8点可以早下班,6,一个月日报，之后周报（表格形式，汇报工作内容即可无需总结心得，几分钟写完周报）,千万不要去单休的公司！！工作强度大不是问题，单休没有自己的生活，休息不过来，会一直很疲惫！,
拼多多,平台治理,运营,上海,11:00 打卡,8:00打卡，一般10点后下班,12:00-13:00,18:00-19:00,否,是，8:00下班,6,是,打卡时间卡的很紧，迟到一秒钟扣1/3天工资，忘记打卡也扣工资，允许补卡，小部分组主管为了考勤好看不允许补卡，则只能等扣钱,
普华永道信息技术,大部分,前端后端,上海,规定9实际10,6,规定12-13，实际可以到14,不回家吃等啥呢？,否,否,5,要,,
普联软件,企业事业部,交付,北京,8:30,17:30,1.5h,17:30,否,否,5,所有人都写,模棱两可的企业文化,
普联软件,企业事业部,交付,北京,8:30,9.30,12.30-14,19,否,可以早走,5.5,是,氛围好，但是卷,
q房网,,后端,深圳,9:00,6:00,11:50-14:00,6:00,否,否,5,周报,技术一般般，氛围、领导挺好,
奇安信,北京西直门总部,前端,北京,9：30,8：00-10：00不等,12:00-2：00,7,,可以跑的早一点,5,日报，每日组会,公司福利几乎没有，感觉公司特别抠，赞助了冬奥会，但不知道还能不能撑到冬奥会开幕。,
奇安信,态势感知,运维,三线城市,10,16,11.30-13.30,,否,否,3,要,,
奇安信,羲和技术研究院,前端,北京,9:29,"实习6-6:30,正式看工作量，没事干可以6点走。但干不完周末可能加班",12：00-2：15,自由,组会,看工作量,5,日报，晨会，组会,leader挺push，部门干网络测量，安全研究，开发人少事急且业务十分琐碎繁重无提升。很多人为清华网络方向研究生。正式员工加班严重，我个人不推荐,
七牛云,RTC相关,后端,杭州,9:30,19:00-20:00,12:00,18:00,否,是 18:00走,5,否 都不用写,leader和同事都超级nice，实习日薪本科350。沟通交流使用 jira + gitlab 非常顺畅的感觉，平时有小聚餐,
商汤,MIG,后端,深圳,看个人,看个人，7点-10点,11:30-14:00,看个人,晚上有篮球赛,随意,5,周报,同事很好，但是技术含量低，不怎么推荐，如果你想养生的话强烈推荐,
商汤,mig算法工程,算法工程,北京,10,8,1.5,1,周三6点,6点,5,单周报,北京食堂辣鸡，氛围很好，同事和领导和谐,
商汤,SCG,产品,北京,9:29,9点,12-14点,18:00-18.30,否,否,5,需要,,
商汤,深度学习框架,研发,北京上海,10,8,一般2小时,随意,,,5,周报,氛围非常好，团队比较年轻，人性化很,
时代,运营,产运,成都,不打卡9：00,不打卡18：00,12:-13:30,无,否,否,5,否,公司氛围很不错,
视源股份,部件业务部门,系统开发,广州,9:00,9:00,12:00-2:00,6:00-7.30,否,可以,5.5,是,能加班就来，钱给够，菜好吃，住宿好，超级累也是真的,
shopee 虾皮,seller,后端,深圳,10:00-10:30,平均下来7:30,12-14,7点,否,否,5,周报,有卷的趋势，不过目前感觉还算wlb,
水滴,筹产品,产品经理,北京,10:30,20:00,12:00-14:00,18:00-19:00,否,否,5,不需要,,
顺丰,研发平台部,前端,深圳,9点到9点半,平均8,12点到2点,6,否,是,5,周报,氛围好，工位略挤,
顺丰科技,末端渠道研发中心,后台,深圳,9:30之前即可,6:30-7:30,12:00,6:00,否,否,5,日报即可,不咋卷，节奏较慢,
顺丰速运,呼叫中心,特殊客服,合肥,8点到12点,5点到10点,12:00-13:00,随时吃饭,否,否,5,周报，年度报告,电商模块和物流模块,
思科,WebEx研发部,测开,上海,10：00-10:15,6:00左右,11:00-14:00,6:00左右,否,否,5,每天早上开早会,工作轻松，氛围好，技术比较落后,
苏宁金融,金融科技,算法,南京,9:00,18:00,12:00 - 14:00,18:00 - 19:00,否,否,5,要,一般晚上六点走，不过也有不少人晚上八点走,
苏芯物联,算法部,算法,南京,8:45,17:45,12:00 - 13:30,下班饿了吃呗,,no,大小周,写,扁平、pua,
synology群晖,应用研发部,前端,美国,10:00,7:00,12:00,7:00,否,偶尔,5,否,,
腾讯,AI Lab,算法,北京,10,6,12:00-14:00,18:00-20:00,否,否,5,周报,,
腾讯,ai平台,算法,,10-10.5,9-9.5,2h,1h,否,可以早走,5,,,
腾讯,ai平台部,算法,深圳,10.-10.30,9-10.,11:45-14:30,6.-7.,否,可以早走 6.走人,5,周报 小作文,ld挺nice，部门都比较晚走,
腾讯,cdg,运营,北京,9点之前到,正式员工10点，实习生8：30,12-2点,6点,否,大多数时候否，偶尔可以早走一点,5,日报➕周报,部门老师挺好的，工作强度大，非常忙，非常累,
腾讯,cdg-ams-平台产品技术部,后端,北京领航,？,？,,,,,,,,
腾讯,CDG-FIT,后端,深圳,10:00,一般8:00左右，7点走也可,12:00-14:00,18:00-19:00,是 可以早走,是,5,新人日报/员工周报,,
腾讯,CDG-FiT,后端,深圳,9:30,8:30-10:00（8点多陆续有人走）,11:45-14:00,17:45-19:00,否,可以早走,5,周报，无日报,氛围一般，技术一般，leader人好不PUA,
腾讯,CDG-FiT,后端开发,深圳,9:30,21:30 - 22:00,11:40 - 12:00,18:00左右,否,是，走的早些,5,周报,氛围很好，部分时间能做到WLB,
腾讯,CDG-风控后台,后端,深圳,9.40之前,日常8点,2h,随意,否,周五组会后可以走，5.30,5,新人日报无周报,养老，组内氛围对新人不友好，老人居多,
腾讯,cdg金融科技,产品,深圳,10点后,8月10日,12月2日,,,可以早走,,,,
腾讯,cdg跨境业务,测开,深圳,9:39,9:00-10:00,12:00-14:00,17:40-18:40,否,不加班，六点之后可溜,5,日报,不算卷，氛围不错,
腾讯,CDG-微信广告部,应用研究,深圳,10:00,9:30,12:00-14:30,6:00-7:30,是,6点下班,5，部分同事6,不用,,
腾讯,CSIG,产品,深圳,10,10,2.5小时,1,否,可以早走,5,是,老人喜欢搞小团体,
腾讯,csig,产品运营,深圳,11点,六点有时加班（最多加到11点半）,12点-两点半,五点半以后有但都是六点去吃,否,否,5,否,,
腾讯,CSIG 腾讯云,后端,深圳,10:30,老员工8-9点 卷一点的10点左右,2.5h 中午午休,随意,无,无,5,半个月开一次组会,氛围好 技术强 腾讯大厦食堂好吃,
腾讯,CSIG 腾讯云cdn,后端,深圳,9：30-10：00，10点以后到副总监会批评,21：30老员工，22：00以后新员工继续卷,11：30,17：30,否,可以早点走,5,要写周报,,
腾讯,CSIG安全,算法,深圳,9:29,19:59,11:50-14:30,17:49,否,否,5,需要,节奏很慢，需求不多,
腾讯,CSIG安全,算法,深圳,9.3,8~9,12,18,否,没事早走,5,需要,节奏不快，需求不多，leader很nice，组内氛围很好经常一起团建聚餐,
腾讯,Csig地图,后端,北京,10,9点以后，实习可8点,,,,,,,,
腾讯,CSIG-电脑管家,客户端,深圳,9:29,7:59,11:：50-14:30,17:30-19:00,否,否,5,周报,组内氛围很好，十分扁平化管理，来了几周愣是没搞清谁是大leader，同事之间沟通很随意顺畅，经常出去团建，没有push，需要自我驱动,
腾讯,csig-服务器与供应链管理部,后端,深圳,九点半-晚点可以十点,8：30，加班9点多,12:00-14:00,"弹性,17:00-19:00",否,是，18：00可走人,5,无,,
腾讯,csig计算产品中心,后台开发,北京,9.00,7点大多数人都走了,12.00-2.30,6.00,,可以,5,要,部门发展很好，主要做云产品业务，偏业务技术，团队技术氛围好，不卷，,
腾讯,csig领航,后端,,10,6-10，一般8,2,1,否,可早走,5,,,
腾讯,csig企业中台产品部,后端,北京,10点,8点～9点,12点到14点,18～19,否,否,5,周报，实习生写日报,北京比较养老,
腾讯,CSIG云产品,产品,深圳,10:30,21，卷一点的22,11:30,18:30,无,可早走,5,是,,
腾讯,csig云产品一部容器部,后台开发,深圳,10点后,大部分8点，集群很忙,2h,,,可,,,集群的很忙，其他的感觉还舒服，leader比较nice,
腾讯,csig在线教育中心,后台开发,深圳,10点,10点,12点,6点,是，活动日,否,5,晨会+周报,加班多，卷，技术一般般，领导随时找,
腾讯,IEG Global,前端,深圳,10:00,10:00,12：00-2：00,18：00-19:00,否,可以早走,5,,,
腾讯,存储研发中心,后端,北京/深圳,10 - 10.30,9点左右，有游泳协会活动啥的可以直接吃完饭去就去,11.30-14.00,5.30以后随意,否,五点半吃饭可以直接跑,5,看导师,流动性低，技术和氛围都挺好，工作量不大，同事都挺厉害的,
腾讯,国际支付组,测试,西安,9:30-10:00,21:00-22:00,12:00-14:00,18:00-19:00,有时有零食，有事可以18:00早走,有团建，一个月至少4次；有q币,5,要写日报，周报，新人有导师，去了先是帮导师打杂,氛围好，有点卷，每年要搞kpi包括研发创新，还要答辩挺烦的，有16薪,
腾讯,国际支付组,后端,西安,9:30-10:00,21:00-22:00,12:00-14:00,18:00-19:00,有时有零食，有事可以18:00早走,有团建，一个月至少4次；有q币,5,要写日报，周报,氛围好，同事之间互帮互助，有点卷，每年要搞kpi包括研发创新啥的,
腾讯,ieg tcaplus研发组,后台,深圳,9:50,新人21:00，老员工21-23不定,12:00-14:00,18:00-19:00,6点下班,无,5,日报（填表）,,
腾讯,IEG-北极光A3,游戏客户端,上海,10点,实习生9点半，正式员工10点,11:40-14:00,17:50-20:00,是，北极光健康日,周五发版本日，视bug情况正式员工需要加到11点以后，实习生不用加班,5/6，大小周,不需要，mentor每天对接进度,,
腾讯,ieg工作室,开发,上海,10:00,正式工9点，实习生6点,11:30-14:00,17:30-18:30,健康日，6点下班,团建,5,否,氛围好，leader人很不错，组内离职的少，有不少四十岁以上的员工，一般学历都是南大、东南、上交、复旦、浙大这样,
腾讯,IEG魔方技术中心,游戏客户端开发,深圳,9:29,6:29,12:30~14:00,6,健康日（6:00下班）,否,5,每周周会,加班少，氛围好,
腾讯,IEG业务安全部,后台开发,深圳,10点,9点,12.00-14.00,6:00-7:00,否,是，吃完晚饭就可以走,5,晨会+周报,氛围很好，技术不强，适合养老,
腾讯,计费平台部,后台开发,深圳,10,8:30-10:00,12-14,随意,否,可以,5,需要,数据库中心，普遍有点卷,
腾讯,pcg-社交协作(腾讯文档),后台开发,深圳,10,9-12点,12.00-2.00,17：30 后随便,是,可以,5,要,腾讯文档招人，快来，这么多人编辑，靠你们来维护了。,
腾讯,pcg腾讯视频,产品,深圳,10点左右,21:00-23:00,12-2点半,6点,否,没事可以早走,5,周报,同事很nice，组里氛围ok,
腾讯,pcg-腾讯文档,前端,北京,10点,9:30-10:00,12:00-13:00,18:00-19:00,健康日,没活可以早走,5,晨会+周报,新业务多，偶尔会加班到半夜，oncall多,
腾讯,PCG应用宝,后端,深圳,10:00,9点，大部分人9:30前,12:00,18:00,否,否,5,日报,新人培训课程很多，试用期比较忙,
腾讯,PCG-应用宝推荐算法,算法,深圳,要求十点前,8点到9点不等,12:00-14:00,18:00-19:00,活动日,是可以提前走,5,周报,氛围不错，但是人员流动性有点大,
腾讯,qq,后端,深圳,9:30,22:30,,18:00-18:30,理论上是健康日，但很少人早走,否,5+,新人要日报+周报,老哥部门加班凶,
腾讯,qq,前端,深圳,11,8,12 - 15,5.30 - 7.30,是,是,5,否,组内不卷，项目有点紧,
腾讯,qq社交平台,后端,深圳,10点左右到,有活就晚走，没的一般6点就走,12:00-14:00,18:00-19:30,是,否,5,需要,需要维护老代码，整体来说还行,
腾讯,teg,后台,长沙,10:00,18:30,12:00－14:00,回家吃,否,可以早走,5,周报,有事都可以早走，长沙是子公司，比较养老,
腾讯,Teg Ai Lab,产品策划,深圳,10:30,20:30,2h,,,七点走,,,,
腾讯,广告,产品,深圳,10,10,2h,1h,否,是,5,周报，新人日报,活多钱少很卷,
腾讯,广告,产品策划,深圳,10,10点左右,2,七点左右,无,可早走,5,要,,
腾讯,光影,软件开发,上海,10：00,8：00—10：00,12：00—14：00,6：00—7：00,闲的时候可以,看情况,5，极少6,晨会,技术一般般，然后组里大部分同事都很好，个别人除外,
腾讯,光子欢乐工作室,游戏客户端,深圳,9:29,9,12：00-14：00,18,是,,,日报周报,,
腾讯,光子-ieg,游戏策划,深圳,9:29,8:39,2h20min,1h30min,5:39,群里说一声可早走,,周报,氛围好，速来,
腾讯,会议,客户端,深圳,10左右到,10点开始有人走,2h,六点去吃 晃悠到七点多回来,是,是,5,都要写 不过不用写小作文 罗列下就行,会议最养老的组,
腾讯,IEG 电竞技术中心,后端,深圳,10-10.30,普通员工一般晚上10.-10.30以后,12.00-14.15,6-7.,否,否,5,新人日报，员工周报,无打卡，最近组织架构频道调整，老员工比例大，工作强度大。,
腾讯,ieg-北极光,后端,上海,10:00,21:00,2h,1h,健康日6点下班,可以,5,日报,游戏赶进度时加班较多，加班调休，弹性工作制,
腾讯,ieg-光子,后端,深圳,9:29,19:59,2h,,,可以早走,,,每天晚上就赶人了，项目排期比较赶 每天都要跟进TAPD,
腾讯,IEG光子,游戏策划,深圳,不打卡10:00,不打卡，一般九点走，有事可早走,12:00-14:30,18:00-19:30,是,否,5,都不,周四下午茶，周三健康日六点赶人，未报备留下扣组长钱，报备名额要抢,
腾讯,IEG光子技术中心,后端/算法,深圳,10:00,9:00,11:30-2：00,5:30,是,是,5,,钱多很卷,
腾讯,IEG天美,游戏策划,深圳,9:29,9点到10点,11：30-1:50,一小时,周四可以早走,是,5.5,周报,很卷，经常有人干到10点多,
腾讯,IEG-天美L1,产品,成都,9:00打卡,19:30,12：00～14：00,18:00,是,是,5,1,深圳回成都养老的,
腾讯,计费,后端,深圳,9:29,9：00-10：00,2h,随意,六点半,可早走,5,周报,氛围很好，食堂有点小，不push,
腾讯,看点,前端,深圳,10-10.5,9.5-11,2h,无限制,否,可以早走,5,都要,,
腾讯,理财通,测开,深圳,9.3,8.3,2h,1h,否,否,5,不用写,leader很push,
腾讯,pcg大数据平台部,前端,北京/深圳,10点前,北京8-9，深圳9-10,12到14,18:00-19:00,否,否,5,新人三个月日报+周报,人员流动较大，北京分部氛围一般，产品强势,
腾讯,pcg-工程效能平台部,后端,深圳,10:00以后,日常9点,2.5h,1.5h,否,吃完晚饭走,5,写了发邮件但是没人看,导师挺不错的，部门的业务不太行，技术也就那样。,
腾讯,Pcg看点,后端,,9.5,10.5-11,2h,1.5h,否,,5,,,
腾讯,PCG-内容平台,算法,北京,10:00,10:59,12:00,6:00,否,否,6,需要周报,警惕某12级员工熊鹏飞,
腾讯,pcg-社交平台技术部(QQ),后端,深圳,10,日常9点,2h,不固定，一般会去散步,是，基本6点走,早走,5,周一开周会，写周报,感觉很好，QQ业务很成熟，听说任务比较简单,
腾讯,pcg手q基础架构,客户端,,10-10.5,10-10.5,2h,不固定,周三6.30,无,5,是,氛围不错，同事都挺好,
腾讯,pcg腾讯看点-浏览器开发,后端,深圳,9:29,9:00-10:00,12：00-2：00,18：00-19:30,否,否,5,,,
腾讯,pcg-腾讯视频直播,后端,深圳,10:00,9:00,12：00--2：00,1h,否,可以早走,5,组会,氛围不错，遇到大的需求可能加班较多,
腾讯,PCG-微视,算法,深圳,10:00,22:00,12:00-14:00,18:00-19:00,否,6点下班,5,日报,,
腾讯,PCG应用宝搜索算法组,搜索算法,深圳,10,9,2,6,无,周五晚上不加班,5,要写周报,谈不上卷，但是业务已经比较成熟，不好提高，难出新成果,
腾讯,PCG-应用架构,后端,深圳,10:00,8:30,12:00-14:00,18：00-20:00,是,是,5,周报,,
腾讯,pcg-QQ浏览器,后端,深圳,10,9,12,6,否,否,5,周报+日报,,
腾讯,S1,行业研究,北京,10,6 无打卡，事情做完可走,12:00-14:00,下班后,否,否,5,,任务导向，部门没有强制加班，只要工作做完上下班都可以小范围灵活调整,
腾讯,企业微信,客户端,成都,10:30,22:00,2.5h,1h,否,否,5,不写,氛围很好,
腾讯,s1安全,后端,北京,10-6.5,6.5-7,2h,0.5h,否,否,5,周报周五填，顺便开组会,业务一般，没食堂，环境略差，正式员工也这样,
腾讯,数平,数分,北京,10（±30min,实习生7点，老员工8点，卷的10点前,2h,随意,否,否,5,周报（不写也没人管）,业务成熟，工龄都是至少5年+的员工，不知道能不能把好活分给新人，不知道成长大不大,
腾讯,TEG广告多媒体AI中心,算法,深圳,10：00,20:00-21:00,最早11:30开吃休息到14:00,17:30,运动日晚上不加班,否，但很多人晚上不加班,5,周报,氛围好，不太卷，leader不pua,
腾讯,TEG计费平台部,测开,深圳,10点,8-10（平均9，看版本,12月14日,,,可以早走,,,,
腾讯,TEG-企业IT,产品,深圳,10,8:30,2h,1h,否,5:30,5,需要周报,公司内部中后台产品，离业务比较远。做产品的话不宜久留。总监leader都很nice，团队氛围好。,
腾讯,TEG-企业IT,后端,深圳,10,8：00-10：00,12:00-14:00,5：30食堂开饭，自由时间,是,否,5,周报,不卷，工资低，没技术，没前途，新人背星，劝退工单系统组，新任组长比较push，业务没前途,
腾讯,TEG企业it,后台,深圳,9:29,,12-2点,6点,否,否,5,无,run，能跑多快跑多快,
腾讯,TEG腾讯计费,前端,深圳,10点左右,大部分人8、9点，有事可早走,11.45-14.00,17.30,是，活动日,看情况,5,新人日报/所有人周报,氛围还不错,
腾讯,TEG研发管理部,后台,深圳,10:00,19:00-20:00，看情况，没事一般不会留,11:30-14:00,17:30,是，到点直接走,是,5,否，但每天开晨会约10min,项目较老，看作息就知道不卷，不pua，组内气氛较好,
腾讯,TEG-云架平,后端,深圳,10:00,22:00,12:00-14:00,17:30-19:00,否,稍微早一点 早的不多,5,周报 老员工更要写 9级以上经常汇报,周末有时候也要加班 无偿,
腾讯,TEG-云架平-数据库研发中心,后端,北京/上海,10:00,上海8：30 北京10：00,12：00-14：00,,,可早走,,,看组内业务，成熟业务较轻松，成长业务压力比较大但是容易出绩效，氛围不错,
腾讯,TEG-AI平台-内容质量组,算法,北京,10:00,9:29,12:00,6:00,否,否,5,需要日报/周报,组内氛围好，技术氛围一般,
腾讯,WXG,产品,北京,11点,8点,12:00-14:00,18:00,否,一般吃完晚饭就可以走了,5,每周都有周会，但是周报很简洁,氛围不错，吃完午饭和晚饭后大家一般组团开黑,
腾讯,WXG,后端,深圳,10:00,22:00,12:00-14:00,17:30-19:00,否,可以早走,5,周报,卷，但氛围挺好，口口相传，不背星的话还不错,
腾讯,腾讯安全云鼎实验室,网络安全,深圳,10:00,8,2h,18,否,是,5,周报,不卷 实验室事情少,
腾讯,腾讯会议,前端,深圳,10:00-10:30,21:00-22:00,11:30,17:30,6点下班,有事可以早走,5,tl 要求有工作汇总,音视频相关前端 客户端 后端 都缺人，内推联系 913007768zyw@,
腾讯,腾讯视频,运营,北京,10-10:30,9点以后,不午休,1h,否,否,5月6日,无,活儿又多又杂 不要靠近运营会变得不幸 已走人,
腾讯,腾讯视频,运营,北京,10.打卡，有病,19：00-23：00不等,12-14,18.30,否,否,5,否,有病，总监傻逼，快逃,
腾讯,腾讯云云产品二部,后端,深圳,10点,7-9,11.30-14.15,5.30-7,否,随意,5,周报,,
腾讯,天美工作室,后台开发,深圳,9:29,9:00,12：00- 14：00,6：00-7：00,是,否,5 或 6,周报,大小周，氛围不错,
腾讯,天美游戏工作室,游戏客户端,深圳,9点半-10点,健康日六点 其余九点,12点左右,,,可以早走 群里说一声,,,氛围不错,
腾讯,微信读书,前端,广州,10.3,11,,,,,,,快跑,
腾讯,微信搜索应用部,后台,广州,10,10,12-2,6-7,否,可以早走,5,第一个月,开发环境糟糕,
腾讯,WXG 技术架构,数分,深圳,10:00,22:00开始有人走,随意,随意,否,可以早走，说一声,5,周报,卷，氛围很好,
腾讯,WXG 企业微信,产品,广州,10:00,24:00+,12-14,6-7,,,,,??乱写的吗,
腾讯,WXG基础产品部,客户端开发,广州,10点-11点,9点-10点左右,12:00-14:00,18:00-19:00,否,否,5,组内轮流写周报,上班时间相对自由，可以下午才来晚上晚点走，也可以十点就来晚上九点走,
腾讯,WXG基础产品部,前端,广州,随意，没有固定时间,看早上来的时间以及业务情况而定,12：00-14：00,18：00-19：00,晚上社团活动,18：00之后基本可以撤了,5,不写,视频号方向，新老员工比例均衡，新员工也能拿五星，作息幸福感可以参考前面所写。,
腾讯,wxg开放平台基础部,后台开发,广州,10点,10点,2h,,,8点可走,,,包3餐，晚上9点半打车报销，活很多，部门氛围可以，leader和mentor都很不错,
腾讯,wxg开平,前端,广州,11,10--11,,6,否,否,5,周会+月报,氛围好，年纪分布均匀，技术不错，leader人很nice。除了下班晚其他都是优点。。,
腾讯,WXG-企业微信,后端,成都/广州,10:30,22:00开始有人走,2h,1.5h,否,可以早走,5,周报,"技术一般, 同事都比较年轻",
腾讯,wxg视频号中心,研发,广州,10点到11点,23以后,12:00-14:00,不一定，有时候忙不能吃饭,否,否,5到7,是,想早点入土就赶紧来,
腾讯,WXG微信事业群,客户端开发,广州,10,22:00-2:00,12:00—14:00,18:00,否,否,5，周末轮流值班,周报,卷的离谱，无文档无注释，老员工比例大，新人压力大，背星风险大,
腾讯,WXG微信支付,后端,深圳,9:00,19:59,12月14日,18:00,否,没事可以早走,5,周报,卷  技术还不错,
腾讯,WXG微信支付,算法,深圳,10,21,12-2,6,否,可以早走,5+,新人日报/全员周报,pua，ppt文化严重，中层又菜又自信，技术十分落后,
腾讯,医疗资讯,后台,深圳,10,9点开始走人,12-2.30,一般六点半,无,无,5,否,部门还行，比较边缘，同事人都挺好,
腾讯,优图实验室,后端,上海,10,7-9,12-14,17：45-19：00,否,18:00,5,无,佛就可以,
腾讯,在线视频bu-微视,前端,深圳,10.-10.30,可以18.吃晚饭就走，一般20.走,11.30-14.00,17.30-18.30,晚上活动,晚上可以早点,5,周报,适合养老,
腾讯,在线视频-平台技术部,后台开发,深圳,10,9月10日,12-14:30午休,6,否,否,5,新人周报,,
腾讯,,运营,深圳,10,7,2h,,是,是,5,周报,氛围好,
腾讯音乐,国际业务部 K歌,后台开发,深圳,10.30前,9,12-2.15,1h,否,6点下班,5,周报,Leader很好，能力强，氛围不错，周二部门组织篮球，周四羽毛球，七点多可以去,
腾讯音乐,全民k歌,后端,深圳,9:50,9.30-10.30，基本10点,2h,6-7，可以到7.30,无,没事可以早走,5,每周周报(具体看组),同事都不错，但是事多，现在暂时无夜宵卷改每天50餐补,
腾讯音乐,社区产品部,前端,深圳,10:00,正式22:00实习20:00,12:00-14:00,18:00-20:00,是,没事可以早走,5,需要写日报并发给全组人看,氛围好，导师nice，主要做业务，挺有意思的，搬到科兴没饭票改补贴了,
腾讯音乐,数据科学中心,数分,深圳,10:30,8-11随意,12:00-14:15,6:00-7:00,否,不加班,5,实习期要写，不过也看情况,氛围好，领导nice,
腾讯音乐,tme某部门,产品,深圳,10:00-10:25,9.30-10.30,12:00,6:00,否,6:00一般人光光,5月6日,正式写,卷王/卷怪除外) ld要求很高，pua劝退，边缘劝退，组内氛围奇怪，谁来谁知道，快逃,
腾讯音乐,TME平台架构,数据,深圳,10:00-10:15,20:00-21:30,12:00-14:15,随意,是,有事可以早走,5,转正后需要写周报,氛围不错，但技术不行，管理比较混乱,
同程,数科,后端,上海,9-9.30,实习6正式工7,12-13：30,无，跑路了,否,6走人,5,非常简短的周报,,
同花顺,ifind,产品,杭州,9:00-10:00,20:30-21:30,11:30-13:00,17:30-19:00,否,5:30,5.5,是,项目很坑，别来,
同花顺,手炒,产品,杭州,周一9:00，前一天8点半后走，第二天9:30，前一天9:30后走，第二天可以10点,如果每天时长不够，会被领导约谈，据说是重要的考核指标,11点半到1点,五点半,否，和平时一样,周五五点半一般会走,大小周,需要,部门差异比较大，好的部门比较少，业务很难成长，比较卷,
途虎养车,B端项目组、C端项目组,客户端,上海,9:00-10:00,一般8:30-10:00,12:00-13:30,18:00,否,否,5,需要，每周五所有人都要写周报开周会,比较卷的，公司强制吃晚餐必须8点后打卡，点夜宵必须9点后打卡，好处是人开发人数充裕实际工作量不重，氛围也还行,
途游游戏,国内棋牌（途游斗地主）,数据运营,北京,9：30-10:00,标称六点半，但是基本都九十点走,12.00-14.00,六点半之后,否,六点半准时走,大小周,全员日报+周报,非常卷，很累很坑，而且开的很少，已经跑路,
完美世界,七项,游戏后端,北京,10,9～10,12:00,6：00,无,没活的话可以早点走，6点左右,5/6 不定，有活的话需要加班,需要写周报,这个部门相对比较卷，其他项会好很多；缺少新人培训，效率不是很高,
完美世界,游戏国内发行中心,美术,北京,十点,七点到十点不等,十二点到两点,六点到七点,否,否,5,否,食堂和厕所不错，其他我不好说，看你leader怎么样了,
完美世界,游戏国内发行中心,市场,北京,十点,七点到十点不等,十二点到两点,六点到七点,否,否,5,否,发行这边情况都差不多，项目中心之间差距会很大，主要还是看leader,
完美世界,游戏业务某项目中心,客户端,北京,10点,理论7点以后，通常9点以后，关键节点会通宵,12点到1.30,6-7,否,可以准点下班,根据情况大小周,周报,没有加班费,
完美世界,,洪恩-数据部,北京,10点,19点,12-14点,18点,每天都一样,没事可以开完周会就走（大概6点多）,5,现在不写了,高手多，但都是单打独斗；对应届生不太具有培养体系，适合有工作经验的人,
网易,藏宝阁,后端,广州,9:30,21:00，一般八九点，最近有恶化趋势,12:00-2:00,18:00,否,否,5，偶尔需要周末加班,周报+月报,卷，会每两月统计打卡加班时间然后排序，同事人还可以,
网易,传媒-新闻客户端后台,后端,北京,10:00,8:00-9:30,2h,6:29,否,无,5,每日站会，不写日报周报,养老，组内氛围对新人不友好，老人居多,
网易,杭研大数据,后端,杭州,9:29,19:30,11:45-13:30,18:00-19:00,否,是,5,周报,养老,
网易,黑键工作室,赛事运营,广州,10,19，我一般19.30-20.走,12.-14.,18.-19.吃完饭就差不多可以打卡下班,没有,没有,5,没有，但每个人都要写月报,氛围很好，不卷，组长们都很nice,
网易,互联网-严选,前端,杭州,9:30,18:00，大部分人 8:30 以后，周一9点之后,12点之前可以走，午休1:30之后很多人都在工作了,18:00,否,否,5,看组,活少可以先溜，活多要加班。周末基本无人到公司。有打卡：可以迟到不扣工资，不能早退。最近在搞效能。,
网易,互娱,游戏运营,杭州,10,19,11,18,否,否,5,是,食堂好吃，但是餐标一天只有40，无下午茶，猪场好小气哦,
网易,雷火工作室,游戏客户端开发,杭州,九点半,八点左右，更新了话全组留到十二点,11.40-2.,6.,否,否,5,写,网易真的感觉挺良心了，暂时没有361，压力也不是很大,
网易,音乐-数据平台组,数据,杭州,9：30-10：00,9：00-10：00,2h,不固定,否,6点可以走,5,不写日报周报,数据组加班比较多，其他组基本7-8点都可以走,
网易,用户增长,运营,北京,,10:00,12:00-2:00,6:30—8:00,否,否,5,是,,
网易互娱,CC直播事业部,客户端开发,广州,9:30,21:30（1，2，4），20:30（3），18:00（放假前一天）,12:00,18:00,,,5,是,,
网易互娱,平台组,测开,,9.30-10,7.30-9.,11.40-2.,6.0-7.0,,,5，偶尔周末值班,第一个月日报,,
网易有道,互动学习部,前端,北京,10点,8点,12点-14点,18:30开饭,否,吃了饭就可以走,5,正式员工写周报,不卷，不怎么加班，弹性工作时间，上下班打卡间隔够9个小时即可,
唯品会,供应链,产品,广州,9-9.30,19.30-20.00,12.30,19.00,否,6.30可以走人,5,需要,不卷，资深的同事多，但是新人也有很多机会，是个能躺平的地方。午休一个半小时,
唯品会,运营,运营,广州,9:29,7点就可以去吃饭了 回来待一会会就可以走了,2h,,,无,,要写,有食堂免费三餐，味道环境都很好，晚上9:30后有夜宵，有睡眠舱，有图书馆，健身房,
唯品会,运营中心,后端,上海,9:00-9:30,8:00，大部分人8:20,12:00-1:30,6:50~8:00,无,无,5,无,新人培训流程很乱，几乎没有任何业务培训，就让你自己看，然后给任务了,
唯品会,主站app,前端,广州,9.30,7.,12.,7.,无,无，周五基本5、6点就开始走人了,5,周报,,
微软,C+AI,SWE,北京,9:00-10:00,6:00,1h,爱来不来,否,否,5,周报,线上会议，弹性时间，没人管你迟不迟到，以及hc少,
微软,C+AI,SWE,上海,9:00-10:00,5:00-6:00,1h,5:30,否,否,5,否,需要on call，看组内人数，一次一周，一般一两个月一次，级别高的经常需要早上7点和美国开会,
微软,C+AI,后端,上海,10:00-11:00,17:20-18:00,11:30,回家吃饭,否,否,5,否,"目前还缺人, 需要内推联系 lyang1817@163.com",
微软,C+AI,后端,北京,10:00-11:00,6到7点,1h,很多人回家吃,否,否,5,否。每周数次scrum,有时需要早起跨时区开会。高级别管理层大量开会。,
微软,Forms,软开,北京,8:00-10:00,弹性，组里集中在 19:00 - 23:00,12:00-13:00,18:00-18:30,否,否,5,不用,级别高的员工也不是很轻松。比如我导师 级别低的很轻松 。导师很好 一对一,
微软,M365,SWE,苏州,10:30,5：30-6：00,随便,5：30之后,下午茶,no,5,不用,,
微软,NLP,SDE,苏州,9.-10.30,5.30-7.,随意,,否,下午3.到5.是娱乐时间,5,,时间自由，满8小时就能走，一周2天wfh不需要申请,
微软,Office365,后端,苏州,10:00,18:00--18:30,11:30--13:00,无晚饭,否,否,5,周报,下班时间比较早。,
微软,STCA,SDE,苏州,9:30,18:30,随意,,有甜点,下班前happy hour,5,否,,
微软,STCA,产品,苏州,9,18,1小时,18,否,否,5,周报,中午午休实际上2h，周五下午有happy hour，摸鱼玩游戏吃肯德基（bing组是这样）。周三下午有甜点。,
卫士通,产品研发中心,后端,成都,8:30-9:30,16:30-17:30,12:00-13:15,17:00,无,周五一般不加班,5,有时候写有时候不写,研发大领导的存在导致现在无敌卷，一言堂，低级员工不接触高层也算是养老不错的去处，同事相处都很不错，一些前辈很nice，领导架子都很大,
微医集团,互联网医学院,营销,北京,9:00/10:00（其实没有很严格要求考察）,18:00（上下班都是企业微信打卡）,12:00～13:00（比较弹性）,18:00下班后随意,否,视项目和具体工作而定，还没特别严重加班过目前,5,否，但自己会写下todo list,目前没发现任何问题，但是大集团企业就是各干各的，人情关系没有创业公司那样紧密，也有很多大企业病不过很正常，都是可以接受的程度。,
文远知行,Infra,技术,广州,9点到9:30,一般19:30人就差不多走完了,12:00~13:30，一般午休到14:00,18:00,否,否,5,不需要,有部分同事base在美国，开会时间可能有时候比较早,
相芯,图形部门,图形开发工程师,杭州,9,6,1月2日,6,无,无,5,要写周报,项目导向,
小红书,社区基础产品-部门架构改了（名字不知道咯）,前端,上海,10,八点半左右，最晚九点多,2小时,1小时,否,6点多,大小周，但是我5天,日报周报,部门氛围不错，同事们都很好，总体实习体验不错。,
小红书,社区技术部,客户端,上海,10-10.30,8.30 - 9. 30,12-14,18.00-19.00,否,否，可以带宠物,5.5,无,客户端组里氛围比较好，强度不算大，比较推荐,
小红书,社区技术部,前端,上海,10:00,9点到11点,12:00-14:00,18：00-19:00,否,否,5.5,日报 周报,我呆的这个组卷，日报周报没完没了，每次开周会leader挨个喷一遍，有pua倾向，看不起组里人，实习期间被劝退,
小米,AILab,算法,北京,10:00,7:00,12:00,6:00,否,否,5,需要周报,技术氛围一般，作息很舒服,
小米,互联网业务部,设计,北京,九点半,八点到十点不等,十二点到两点,五点半开始,否,否,5,是,食堂8太行，但是不卷，活不多，同事和氛围也很好，另外不打卡,
小米,手机部系统软件部,后端,北京,10:00,7:59,11:30到2:00,5:30,否,否,5,是,周五可以早走一会，每个人都要写周报日报,
小米,天星数科风险管理,数分,北京,9:00-9:30,最早6:30，一般7:00-8:00,12:00-14:00,6:00-7:00,否,可以早走,5,周报,氛围好，不卷，同事领导都很好，工作强度不大，就是薪资低,
小米,天星数科国际业务,,北京,9:30-10:00,9:00之后,12:00-14:00,6:00-7:00,否,否,5,周会,工作强度大，时间长,
小米,业务中台,产品,北京,10:00,八点到十点不等,十二点到两点,无固定时间,否,否,5,是,,
小米,业务中台部-大数据部,产品,武汉,9:30-10:00,19:00,12：00～14：00,18:00,否,是,5,1,武汉很轻松，钱也很少,
小米,中国区,后端,北京,10:00,8月9日,2h,6:00-7:00,否,6点吃晚饭走,5,每天早上汇报、一周报,这个组是整个部门比较卷的组，创业型氛围，员工年龄分布合理，加班可以调休,
小鹏汽车,数字发展部,后端,广州,9:00,22:00,12:00-13:30,18:45,否,否,5（偶尔周末/节假日加班）,,,
携程,机票,算法,上海,10:00～10:30,8:30～9:30,1h,大概1h,否,否,5,是,实习。但也有正式员工会干到12点,
携程,酒店研发部,后台开发,上海,10：00,8-9点，弹性工作时间,没有规定,没有规定,否,一般会六七点走,5,否,工作时间比较弹性，理论上一天满八小时就行，大部分人会有十个小时，绩效貌似和完成的任务情况相关,
携程,商旅,产品,上海,10:00～10:30,8:30～9:30,11.30-1.00,大约1h18.00-19.00,否,一般六点多就开始有人走了,5,每周小组需要写日报，组内轮流写,有的组不太忙平时七点左右就能走，发布日走的晚,
携程,商旅,后端,上海,10.00,9.00,11.40-1.00,6.00-7.00,否,否，通常8点走,5,,不同组，加班差距非常大,
新浪,微博,后端,北京,8:30-10:30,17:30-19:30 活做完且工时数够9h即可,12:00-14:00,随意,否,否,5,日报,技术氛围好 事情不多 不卷 公司设施齐全 食堂好吃 但团建不多,
瑆玥微光(北京)科技有限公司,技术部,前端,北京,9:00,18:29,12:00-13:30,,,,6,,,
亚马逊,FBA,sde,北京,十点半,一周去公司两天。6点开始走人，7点全组走干净,12点半,无,无,无,5 长期wfh,每天10min站会，双周总结,长期居家办公，可以申请不去公司。请假自由。有oncall轮流。,
亚马逊,卖家支持,sde,上海,10:14,6:00,2h,,否,否,5,周报,养老,
一川机械,研发部,项目软件开发,东莞,8：00,20：00,12：00,17：30,否,否,6,不用,自动化公司，一人一个项目，包揽界面到后台。（要求MFC/QT，常用运动控制卡，HALCON/OPENCV）,
鹰角网络,平台部,web全栈,上海,10:00,19:00（晚到晚走）,任意,任意,否,否,5,否,,
英特尔,DCG,后端,上海,9:00,4:59,1h,4点半可以去食堂吃,否,有事请假即可,5,1，3，5汇报进度,比较清闲，我上班刷题,
英特尔,MLP,算法,上海,9:00,4:59,12:00,五点回家吃,否,否,5,正式工需要月报,如果你在的组有欧美国家或者印度同事，有些会议可能在正常的工作时间外。(午饭时间一般很早，很多时候十一点多就去了),
有赞,支付,后端,杭州,9.30-21.00,21.00,12.00-14.00,6.00-7.00,18点走,18点走,5,日报,氛围不错,
猿辅导,ai lab,算法,北京,10:30,7:00,12:00-14:00,18:00,,,,,,
猿印,,客户端,北京,10.00,9.30-10.30，一般十点左右走,12-14,19.00开始,否,双周活动日,5,否,组里氛围比较棒，和老员工沟通顺畅，由于是创业公司业务较多，比较忙，但技术提升较快,
悦淘网络科技(北京)有限公司,技术部,前端,北京,9:00,18:29,12:00-13:30,,,,6,,,
招银网络科技,零售,全栈,成都,8:30,8:30~9:30,2h,1h,看情况早走,看情况早走,5,写,base低，且非常卷，技术也一般，如果是想来银行养老就不考虑了,
纸贵科技,技术研发与交付,技术,西安,9:00,18:00,12:00,正常,正常,正常,5,需要,,
中国人寿研发中心,核心交易,测试,北京,9:00,17:00以后,11:30-13:30,无,无,无,5,周报,,
中国银行,软件中心,测试,西安,8：30，每个月有发版需要早上6:00去验证,正常17:30，加班最迟22:00,12:00-13:30,17:30-18:30,有零食，油卡，,团建，爬山，聚餐，有家属开放日啥的,5,是,氛围一般，建议还是北京有人再来吧，清、北、交大、西工大较多基本都是本硕连读；帅哥挺多的,
中航信,航旅纵横,产品经理,北京,9:30,最早5:30，卷一点的呆到8点蹭餐补9点打车,11:30-1:30,5点之后,否,否,5,看组,看组，有的组6点走光，有的组卷到8、9点,
中科院遥感所,数字地球研究所,视觉产品设计,北京,11点前打卡,3点打下班卡,11.00-13.00,随时吃饭,否,否,5,没这说法,正经养老单位，呆了三个月觉得太少（8K）就走了,
追一,基础产品中心,后端,深圳,9:40开会,21:00,12:00-14:00,18:00-19:00,18:00,18:00,5,试用期三个月日报,重构加班比较多，刚开始比较卷，现在都到点就走。上班要打卡，下班不打卡，每天TAPD填工时,
紫光华智,重庆,测开,重庆 杭州 北京,8.30-6.00,很可能加班,最早11.40  看部门  1.30,5.40/6.0  看部门,,否,5,看组,有点卷  加薪几年一加  pua,
字节,ai lab,后端,北京,10:30,22:00,2h,1h,活动日,否,5,要写周报，还要开周会,同事很好,
字节,ailab,后端,北京,10:30,10,随意,随意,双周活动日,,5,是,同事关系融洽，需求相对而言没有特别急,
字节,ailab,后端,北京,10:00,22:00-22:30,12:00-14:00,19:00-20:00,双周活动日,可以早走,5,否,卷，同事还不错，普遍年轻,
字节,Client infra,后端,北京,上午来了就行,一般9点以后,12:00,18:50,两周一个活动日,一般8点过后走,5,不需要,,
字节,data,算法,北京,10,9,12,7,,,5,周报+日报,同事都很强，acm选手居多,
字节,Data-Sys,研发,杭州,10:00,22:30,12:00-14:00，有时开会,19:00-20:00,双周活动日，但其实没什么人提前走,可早走,"5,经常加班",新人日报、周报,卷，业务很忙，很累，几个leader人都很不错,
字节,安全与风控安全研究,算法,深圳,10:00到10:30,21:00到21:30,12:00到14:00,18:50-19:50,每隔两周活动日17:50可以走,晚饭时间就可以走,5,每周进度汇报,体验很好，不卷，组里氛围挺不错,
字节,本地生活,后端,上海,10:00-10:30,10:00-10:30,2h,6:50,双周活动日,可以早走,5,新人日报，周报,同事氛围不错，leader人不错，需求多，比较累,
字节,财经,后端,深圳,10:00-10:30,8:00-10:00,2h,0.5h,双周活动日,吃完饭走,5,周报，新人日报,,
字节,财经,后端,深圳,10:00-10:30,21:00-22:00,12:00-14:00,19:00吃完一般就接着干活,双周活动日,可以早走,5,否,活很多，有点累，但是氛围很好，同事nice，无pua,
字节,产研-智能创作,后端,北京,10:40,20:40左右,12:00-14:00,,,可以早走,5,否,,
字节,创意与生态,cv算法,杭州,10,"9.30 ",12,,,78点走,,,氛围很好，但是大家都有点小累,
字节,Data-抖音,算法,上海,10.30,9.30-10.30,12.00,7.00,双周活动日,没事可以早走,5,部门周报要写,核心部门 氛围好 但不知道干点啥,
字节,data-接入与分发,后端,北京,10:30,一般9:00-9:30,12.00-14.00,7.00-8.00,是,否,5,不需要,组内氛围不错，技术可以，同事关系融洽,
字节,data-开发者生态,android,北京,10:30,22,12.-14.,19   活动日18,活动日特殊 两周一次,视工作任务,5,周 双周 okr,除工作时间外 别的都不错,
字节,Data-商业化,前端,北京,10:30-11:00,9:00-9:30,12:00-14:00,19:00-20:00,是,是,5,要,,
字节,data-数据平台,后端,南京/上海,10:00 - 10:30,基本9点多-10点,2h,随意,活动日6点晚饭下班,可以早走,5,无，晨会+双周会,内部系统数据平台，氛围好，轮流oncall，oncall强度挺大。南京这边hc少，整体天高皇帝远，工区在南大鼓楼校区，接下来会搬到新街口,
字节,data-数据平台,数据,上海,10:00,9:30以后,看个人,看个人,双周活动日,可以早走,5,每天和每周需要汇报进度，新人需要写一个月日报,有点卷。能力强，事情做完，晚上可以九点就走,
字节,data-小程序,客户端,深圳,,,,,,,,,,
字节,Global Ads Infra,后端,北京,10.00 - 11.00,9.00 以后（有事能早走）,12.00 - 14.00,7.00 - 8.00,双周活动日,可以早走,5,第一个月日报，之后周报,感觉氛围挺好的，接触的也是比较核心的技术,
字节,music,战略,北京,13:00之前到公司即可,19:00-20:00,12:00-13:00,10:00,双周活动日,否,5,周报,累死了,
字节,RTC,客户端,上海,10:00 - 10:30,21:30-22:30,12:00-14:00,19:00,双周活动日，可早走,可以早点走,5,需要日报,微卷，年轻人较多,
字节,TIkTok,后端,北京,10:00 ~ 11:00,21:00 ~ 22:00,12:00 ~ 14:00,19：00-20：00,双周的活动日吃完晚饭就可以走了,起点吃完晚饭就走了,5,新人第一个月日报，之后周报,本人 21 年暑假实习的时候是 1095，不过同事说 20 年初抖音春晚红包后一两个月都是凌晨下班,
字节,地理位置中台,后端,深圳,10点半前,10点,12月14日,18:50,双周一次活动日,7是,5,可不用,挺累,
字节,懂车帝,后端,北京,10:30-11:00,22:00起,12,19,无,是,5,周报,太卷了。劝退。真的,
字节,懂车帝,基础架构,北京,10:00左右-10:30,"21:00左右开始走,22:00基本走光",12:00-14:00,7点左右,活动日可以早走,晚上早走1-2小时,5,周报-比较简单-交代下干了啥,组里实习生比较多4个左右，10几个人，有团建，组里人一起吃饭，像个大家庭，leader是架构师很好说话平时上班也很幽默，研发领导比较喜欢追问，但是态度还行，正式工比较卷，我看后端哥们那边也很卷,
字节,抖音电商,产品,,11,8--10,🈚️固定,🈚️固定,否,否,5,是,字节真是实习当正式用/8-10？？抖音电商有这么早的部门吗 我原部门10点才有人开始走/十点才开始走+1，没见过抖音电商这么早下班的,
字节,抖音电商,后端,北京,10-10:30,22点后,2,1,否,是,5,新人日报,累,
字节,抖音电商,后端,北京,10:30,9:30~10:00,12:00-14:00,18:50-20:00,双周活动日,是,5,不需要，但是新人2周之后需要做一个业务串讲,这边差不多把实习生当做正式员工看待，只不过压力会小一点。新人培训基本可以忽略，主要靠内部文档自学和问mentor。抖音电商需求比较多，经常倒排期，如果你负责的项目需求少，那么晚上9点就可以走了，如果需求多做不完，那么就自己带电脑回去加班。,
字节,抖音电商,客户端,上海,"10.30 ",8:00-9:00-10:00均有,2h,随意,双周活动日,可以早走,5,,,
字节,抖音社交,后端,成都,10:30,9：30-10：00,2h,1h,双周活动日,可早走,5,日报、周报都写,请问氛围如何？推荐去不？,
字节,抖音-隐私合规,后端,北京,10：30-11：00,9：00-10：00,12：00-14：00,19：00-20：00,x,可以早走,5,第一个月日报，之后周报,新团队，正在组建，ld人好，目前人比较少，不卷，技术比较核心,
字节,番茄小说,策略,北京,11点之前,4:59,"2h,12-14",19点后随意,周三6点走,可以早走,5,不要,组内氛围非常好，轻松好相处，可以常聚餐  // 质疑：5点下班是什么操作？周三还要加班到6点的意思？,
字节,番茄小说,后端,深圳,10:30,一般晚上10点后,12:00--14:00,19:00--19:30,吃了晚饭走,否,5,日报,,
字节,飞书,测开,,10,9.30-10,2h,1h,双周活动日,可以,5,双周报,,
字节,飞书,前端,上海,10:00 - 10:30,22:00,12:00-14:00,19:00,双周6点下班,吃饭完就可以走,5,不需要,新人需要才艺表演，导师像朋友一样,
字节,飞书,前端,北京,10-11.,22点,12点-2点,19点,否,吃完饭可以走,5,需要日报和周报,一月一次团建欢迎新人,
字节,飞书,数据分析,深圳,10:00,22:00,12:00-14:00,19:00-20:00,是,早走,5,日报,团队挺好的，就是方向不明晰,
字节,飞书表格,后端,深圳,10-10.30,8.30-10.30,11.50-14.00,7.00,双周活动日,可以提前走,5,日报，还要写一份产品体验报告,同事，领导都超好，平时会聚在一起聊天吃饭，老员工oncall比较多,
字节,飞书-people,,广州,10:00,9:30-10:30,2,1,无,可以早走,5,日报+周报+晨会+周会,不建议,
字节,服务架构,后端,,11:00,21:00,,,,是,,日报,run,
字节,广告,测开,北京,10：30-11：00,21:00-10：00,2h,1h,之前大周饭点之后下班,可以,5,周报,,
字节,广告,测开,北京,10.3,9.30,2h,7点到8点,是,是,5,写,,
字节,国际化部门,后端,北京,10.30前,9点后 特殊情况能早走,11.50-2.,6.50-8.,否,是 七八点,5,需要,忙 但没什么起色,
字节,国际化电商,技术,北京,10点30,9,2h,1h,活动日五点多走,周五七点可走,,,每两周的活动日下午五点多可走 //补充：深圳的这个部门打听到是十点才下班,
字节,国际化短视频,产品,上海,10:30-11,22:00-01:00 回家继续卷,12:00-1:30 吃完就回工位,7-8 可能开会,无,无,5,否,项目紧，流动大，但是同事nice,
字节,国际支付,技术,北京,11,9:29,2h,1h,活动日特殊,没事可以早走,5,周报,氛围棒，周五禁止上线,
字节,杭州游戏工作室中台技术部,前端,杭州,10-10：30,吃完晚饭就可以走，八点半之前走一半,2h （可以组内开黑打游戏）,1h,是,否,5.5（自愿大小周，有加班费）,需要周报,leader很好，氛围不错，不卷，游戏氛围很浓。但是oncall的时间比较多,
字节,互娱,数分,,10:30,9,2,1,x,x,5,周报,,
字节,火山引擎,后端,深圳,10:00-10:30,,,,,,,,,
字节,基础架构,数开,北京,10:30,8:30-9:30,2h,随意,双周活动日,可早走,5,新人日报、周报,氛围好，但是push多,
字节,基础架构大数据,后端,北京,10:00-11:00,9:30-10:30,12-14,18:50-19点多,大小周活动日,可以7点走,"
5",日报,有点卷,
字节,技术中台,测开,北京,10,9－9.5,12,7,活动日,可以提前走,5,实习需要写,同事不太卷,
字节,教育,前端,北京,10:30,8～10,2h,7:00-8:00,双周活动日,我实习天天卷到11点多,,新人日报无周报,氛围很好，饭也好吃，福利也好。,
字节,教育,前端,上海,10:00-11:00,8点开始有人走,2h,6:50,y,x,5,不需要,,
字节,商业产品,产品经理,北京,10：00,21：00,12-14,七点吃饭,双周活动日,看情况,5,否,,
字节,商业化,战略,北京,10:30,10:00-10:30,2,7:00-8:00,双周活动日，但其实没什么人提前走,可以早走（回家加班doge),5,周报,卷，强度较大，但属于核心部门，氛围一般，大家工作相对独立且都很忙，导致交流不算多,
字节,商业化 业务中台 客户增长,研发,北京,10:30前,晚点9点左右,12到14,6点50开始,活动日,可以,5,新人日报,,
字节,商业化-广告架构组,后端,北京,10:30,10:30，偶尔10点,2h,1h,双周活动日7点,可提前2小时,5，有时需on call,日报，之后改周报,卷，强度大，但ads infra算是核心部门，看自己吧,
字节,商业化-视觉中台(原Ailab),算法,北京,10:30,10:30,12:00,7:00,是,否,5,需要周报,组内氛围好，不过有点忙,
字节,视频架构,流媒体后端,北京,10:30,10:00,2h,6:50,无,8点多走,5,实习无，新人有日报、周报,,
字节,特效中台,c++,杭州,10-10：30,9:29,,,,,,,,
字节,tiktok广告工程组,后端,北京,10:30前,10.30-11，晚上经常有会,12:00-2:00,6:00-7:00,两周一次活动日7点多吃完饭就可以走,可以早走些,5,新人日报，老人周报,我个人不是很推荐，就是太累了。追求上升空间的钱给够可以来，组里技术氛围好于平均,
字节,tiktok广告平台,后端,北京,十点半,十点以后,十二点,七点,否,晚饭吃了可以走,5,日报,校招生很多，卷的一批，有点累,
字节,头条专业垂类,运营,北京,10.30,19.30-20.00,12.50-14,19.30,是,否,5,是,看组,
字节,图像,算法,北京,10-10:30,9-10,12-14,18:50-19:30,活动日晚饭后可以走,否,5,是,整体氛围还可以，在字节不算加班多的，部分同学比较卷,
字节,web多媒体,前端,北京、上海,11,9,12～14,6.50～8.00,双周活动日,否,5,周会,公司唯一，技术前沿，不卷不肝,
字节,西瓜视频,客户端,,10.5,9.5-10,2h,看自己,双周活动日,可以早走,5,是,,
字节,系统架构,后,杭州,10,8-10，平均9点,2,随意，一般1h左右,双周七点,可以早走,5,周报,氛围好，平时经常一起打王者。部门比较边缘。做的东西还不错。最后一个月上班时间下午两点到晚上10点,
字节,小荷,产品,北京,10:00 可迟到,21离开工位，24小时on call,12:00,19:00,是,否,5,周报 okr,,
字节,幸福里,后端,北京,10:00-10:30,22:00-22:30,12:00-14:00,19:00-20:00,每两周一次活动日，晚饭提前1h，可提前下班,可以早走,5.5,日报,非常边缘没有存在感，组内氛围很差，没有技术含量，外行引领内行，部门内社招臭鱼烂虾偏多，新人零培养来了需要立即上手，领导高pua，缺乏发展动力并且没有任何前景（参考国家铁拳），新人快跑！！！,
字节,幸福里,后端,北京,10-10.30,没事9点半就可以走,12：00-14：00,6：50,每两周一次活动日，不过活动日已经名存实亡,是,5,mentor不要求,组内氛围不错，mentor9点带头下班，不push。但是业务方向有不确定性，没有更好的offer可以考虑,
字节,幸福里,客户端,北京,9:00~11:00,21:00~23:00,12:00-14:00,19:00-20:00,每两周一次活动日，晚饭提前1h，可提前下班,可以早走,5,日报,组内氛围好，不push,
字节,用户增长,后端,北京,10-10.5,9:00~10:00,2h,不固定,双周活动日,可以早走,5,新人有周报,氛围很好，组里日常很快乐，晚上偶尔加班，需求较多,
字节,用户增长,客户端安全,,10,8－9,2h,不固定,否,吃完饭可以走,5,有周报,不卷,
字节,支付,后端,深圳,10:30,22:00～01:00,2h,0.5h,双周活动日,否，但可早走,5,有，但我没写过,氛围好,
字节,中台,人事,成都,9:00,19:00之后,12:00-13:30,无,无,无,5,周会和周报,流动性极高，办公室政治,
字节跳动,抖音电商,测试开发,北京,10.30,实习生一般21.00，正式很晚一般22.00,2h，12.00-14.00,19.00,两周一个活动日,周五没活一般可以早走点，20.00？,5,日报周报,"实习在的组很离谱，20多人的测开服务200+的开发。一直招人招不上，强度巨大，开发基本9.00走，测开几乎都得10.30走，
亲身经历每周有两个21.00-22.00的周会，因为他们实在没别的时间.....，电商整体都比较卷，慎重啊，我是run了，秋招准备去别的了",
字节跳动,抖音-用户增长,前端,北京,10.30-11:00,9:00-10:00,12-14,19:00-20:00,双周活动日,可以早走,5,是,,
字节跳动,抖音直播,后端,杭州,11:00,21:00,12:00 - 14:00,18:50 - 20:00,双周活动日,否，但是可以很早就走,5,第一个月日报，之后周报,氛围好，不卷，无加班文化，ld亲和,
字节跳动,教育,后端,北京,10:30,8:00:00～10:00:00(东西做完了就早点走),2h,7:00-8:00,活动日周三七点,,5,第一个月日报,氛围好，同事关系融洽，食堂好吃。天使办公环境较差，开会常常抢不到会议室，只能去大恒。二楼男厕只有两个坑，常常要排队。,
字节跳动,业务中台,前端,北京,10：00-11：00,21：00-22：00,12：00,18：50,否,可以早走,5,周报,,
字节跳动,TikTok,后端,北京,10~11,21~22,12~14,19~20,两周一个活动日吃完晚饭就下班,吃完晚饭就下班,5,第一个月日报，以后周报,挺好的部门,
字节跳动,抖音,后端,北京,10,9,12～14,19,活动日晚饭后下班,晚饭后下班,5,日报,,
电网,设计,助理专责,省会,8:00,17:30,12:00-14:30,不适用,否,否,5,否,,
贝壳找房,人工智能技术中心,产品经理,北京,10点,7-9点不等,12：30,6：50,否,否,5,否,,
百度,搜索技术平台研发部,算法,北京,10,10,12,18,否,否,5,是,,
bilibili,游戏发行事业部,运营,上海,大部队10点半到,工时满8h即可，大部队20点左右走,12-14,20:30加班餐,无,无,5,周报,工作时间弹性，但是公司文化“极致执行”，意思就是你上班下班没啥区别，随时找你都要应,
BIGO,产品研发与效率部,Senior Engineer,广州,9:00-10:00,21:30-23:00,12:30,18:30,否,否,5,都要,,
某央企市政设计院,第十三院,桥梁工程师,天津,8:30,9:00左右，视情况而定,12:00,17:00,否,否,一般6天，少数情况7天或5天,否,曾经下班时间晚于10:00，每周6-7天，持续5个月,
新浪微博,算法组,算法工程师,北京,9-11点,上班时间往后延9小时即可,12-14,,否,否,5,周报,,
字节跳动,抖音社交,Android开发,北京,10点半~11点,硬性规定9点半，一般10点。,12点,6点50,是，双周的周三可以提前下班，5点50走,是，可以提前走,5,新人一个月日报，之后每周都需要周报,实习生，正式的作息也一致,
腾讯,CSIG腾讯安全,安全,北京,9:30,18:00,12:00,18:00,否,否,5,实习生日报,,
便利蜂,店务智能决策部,后端,北京,10:00,22:00,12:30-14:00,18:00-19:00,否,否,5,日报（周报有的组写有的组不写）,卷。严格打卡考勤，一天工时得满9小时（朝十晚七）。,
腾讯,IEG-天美j6,-,上海,10:00,22:30 +,12:00-2:00,6:00-7:00,否,否,5,早上10:00 线下晨会必须到,特别卷，健康日基本没健康过，晚上经常到十一点半十二点，周二周四下午茶,
阿里,ICBU,前端,深圳,9:30~10:00,18:30 或 21:30，一半一半吧,12:00~1:30,6:00~6:30,否,否,5,双周报,,
中国平安,银行保险部,后端,上海,9,18,11.30-13.30,🈚️,🈚️,🈚️,5,🈚️,技术一般，至少是微服务，轻松，福利根据股价来，股价正常福利好，股价不正常福利砍得很多，但是也不少，平安开发有自己的整一套东西,
美团,基础研发平台,后台开发,北京,10-11点,9个小时打卡，一般9点或9点半走,12-14,随意,否,是,5,前三个月日报，后面周报,需要oncall,
美团,快驴,用户运营,北京,10-10:30,10点后,12-14,18-19,否,没事可以早走,5,周报,速跑,
58同城,技术中台TEG,产品,北京总部,10-10：20,7：30-9：00,11.30-12.00,6.00,抠搜下午茶,抠搜下午茶,5,是,"氛围压抑 不太活泼 年轻人比例不比其他公司多 ",
阿里巴巴,AE速卖通,产品,杭州,10-10:30,7-8:30,12-14,6-7,否,从杭州回上海5点可以下班,5,否,师兄让没事早走，有事带电脑回去也别走太晚,
阿里巴巴,cto线-零售云,all,杭州,10am,2am,12,6,否,否,5-7,日报+周报,别来,
阿里,优酷,产品,北京,9：30,9,12,6,否,六点下班,5,否,,
联想,IDG显示器,产品运营,北京,9.30-10.00,6.00-6.30,12.00-1.30,6.00-6.30,否,否,5,否,所在组工作氛围很好，不打卡，无强制下班要求，每天工作8小时就可以走，旁边的姐姐每天6点准时下班。,
百度,商业平台,前端,北京,10-10.30,8-9.30,11.30-12,5.30-6,否,组间情况不同,5,有日报有周报,,
联想,社会营销,运营,北京,10：00,6:00,12:00,6:00,否,否,五天,否,无,
旷视,Face++,算法,北京,10:00（比较灵活）,（7:00-9:00）,12:00,18:00,否,否,5,实习需要,,互联网
美团,到店广告平台,产品,上海,10-10:30,8:8:30,12-14,6-7,否,否,5,否,没食堂，工区拥挤，广平不错，组一般,互联网
Pony.ai,Infra,Engineer,北京,10:30,7:30,1h,无,否,6点下班,5,无,外企氛围,"互联网, 民营企业"
思科,webex,后端,杭州,9:00,18:00,11:30左右,,否,否,5,每天组会,,互联网
百度,通用技术服务部,运营,北京,10点半,做完可以走，一般晚上九点半,11：30-13：30,随意,否,否,5,有,,互联网
百度,内容技术架构,rd,北京,10点-10点半,9点半-10点半,12点,6点,否,稍微早一点，有事可早走,6,是,,互联网
百度,贴吧业务部,产品,北京,10：00-11：00,"7：00-9：00 7点有人走 9点只有几个人在 ",12：00准时干饭,"6：00 ",,,5,周报,,互联网
华夏基金,金融科技部,软件开发,北京,8:30,17:30,11:30-1:00,17:00后,否,否,5,晨会,上下班有班车，员工可申请公租房，无需挤地铁。,金融
字节,电商支付,研发,北京,10.30,10点左右,12点,7点，活动日6点,双周活动日,可以早下班,5,第一个月日报➕ 周报，后面周报,,互联网
字节跳动,今日头条,服务端开发,深圳,上午10点-10点半,10点（实习生9点）,12点,7点,双周活动日，吃完饭就可以走,吃完饭可以走,5,日报,,互联网
苏州科达,监控产品线,软件开发,上海,9:00,一三五17:30 二四20:00,11:30~13:00,17:30~18:30,否,否,5，绝大部分产品线5.5,是,,民营企业
深擎科技,算法部门,推荐算法,上海张江金科路,9:00,19:00,11:30-1:30,19:00以后,无,无,5,周报,很好,互联网
字节跳动,直播,前端,杭州,11:00,22:00,11:50-14:-00,18:50,双周一次活动日,否,5,是，要写很长一段时间,,互联网
字节跳动,半次元,运营,上海,10:30,8:00,12:00,18:50,是，每隔一周，周三活动日,否,5,是，双周报+周报+双月okr,不卷，公司提供三餐，无打卡。,互联网
字节跳动,智能创作,图形算法,上海,10:30,9:30,12:00,7:00,两周一次活动日,可以早点走,5,每人都得写周报,工作氛围也不错。总体比较卷，但是少部分95后/00后比较多的组相对比较自由，8点就走光了。,互联网
中国移动咪咕,游戏业务部门,运营,南京,9：00,不在公司吃饭的，6：30左右陆陆续续的走，大部分在公司吃饭的人7点-8点以后走,11：30-1：30,6点下班就可以去食堂吃饭了,否,否,5，周六日偶尔有工作需要处理，占用时间基本不超过1-2小时,每周周报（所有员工），目前1周写1-3次周报,,"互联网, 通信, 国企"
科大讯飞,AI工程院,后端,合肥,9点半,8点到8点半,12点左右,6点左右,6点下班,6点下班,周六白天一般加班,是,,互联网
博智林机器人,机器人研究院,运营,顺德,8：30,晚上18到21,11点半,5点半,不特殊,不特殊,五天,要的啊，老人也需要,,地产
某广告公司,策划部,客户经理,深圳,10：00,不定时,12：00-13：30,18：00以后,否,否,6,是,入行三年，目前月薪平均在17k左右，无止境加班，全国到处跑，上班时间视客户而定，千万不要进广告行业，感觉迟早猝死。,广告
快手,质量与研发效能,测开,北京,10点左右,9点-10点,12:00,7:00,否,否,5,有日报,mentor人特别好，实习生可以很早走，mentor不会说什么，但是我mentor基本都在10点以后下班，从来没在我下班之前走过，正式员工可能还是有点卷,互联网
腾讯,AMS-PTP,后台,深圳,10点,20点,12点-12点半,18点-19点,无,可以早走,5,,经常可以摸鱼,互联网
字节,Data-数据平台,产品,北京/上海,10:30,9-10点,12点,19点,是,一般可以早走,5,无,卷得一笔，人比事多系列。感觉好些个老板能力都不行啊（此处包含产品、研发），0决策、0指导，只负责diss、PUA和汇总okr，每一天都心累无比。相比之下一线员工都还不错，能力挺强，氛围也好。喜欢向上管理和跪舔老板的可以来。,互联网
字节跳动,产研-ByteGraph,分布式数据库内核,北京,10:00～10:30,10:00之后,12:00,19:00,否,否,5,日报、周报,很卷...,互联网
腾讯,ieg光子市场,市场,深圳,10:00,21:00（卷起来至少22：30）,12:30-14:00,18:30-19:00,健康日,18点下班如果有事就走,5,新人周边/项目每天日报、周报、ppt,虽然施行21点不加班制度，但是大家都偷偷加班，不打卡留记录，反而增加了很多不便，不加班制度形同虚设。。该卷还是卷,互联网
美团,外卖-广告,前端,北京,10.30,9.00,12.00-14.00,18.00-19.00,否,否,5,周报,在招高p,互联网
奇安信,安全服务子公司,驻场,二三线城市,一般为9点或9点半,一般为6点，部门客户单位为5点可以一起下班,12:00-14:30,,否,某些客户会同意提早下班,5,日报/周报,,互联网
颐付网络科技,技术部,后端,上海,10点,18:30,12:00-14:00,下班,否,否,5,否,氛围好,"互联网, 金融"
美团,优选,软件开发工程师,北京,10：30-11：00,10：00,12：00,18：00,否,是，可以早走,5,是,,互联网
Vivo,软件领域,安卓开发工程师,南京,9:00,9点过后，目前是十点,12-14,18-19,可以(早走),可以,5,无,岗位很卷很卷,互联网
快手,服务号,产品,北京,10:30,10:00,12:00-14:00,18:00-19:00,否,周五大家一般都会早走一会,5,否,,互联网
平安,健康险,前端,上海,8:55～18:00,19:00,12:00,18:00,每两周的周三要加班到21:00左右上线项目,不特殊,5,所有人都需要每周上报每天的工时,,"互联网, 金融"
PayPal,NDA,Software Developer,上海," 9-10",6:00,随意,,,提前下班," 5",,,外企
天津航空机电,传感器分厂,工艺,天津,8：10,16：20,11：40,16：40,否,否,6～7,是,,"机械, 国企"
招商银行-招银网络科技成都,AI与数据资产,系统开发,成都,8:30,21:30,12:00-14:00,5:30,理论是5:30，通常18:00之后能走,理论是5:30，通常18:00之后能走,5,所有员工每日报工,公司氛围内卷严重，组长以上领导技术奇差，心累。绩效全靠添。,金融
美团,外卖客户端,前端/客户端,北京,10:30,9:30,12:00,18:00,否,否,5,是,,互联网
微软,STCA,SDE,苏州,10～11,17～18,12～13,～,否,下午一般可以提前走,4,否,级别高的大概还是比较忙的，上班时间都是弹性，每周还有2天可以不申请直接在家办公,"互联网, 外企"
善诊,产品,产品经理,上海,9(迟到一次发100红包）,21(不能早走，日常22，加班24）,12-14,6-7:30,否,6点下班,5,周报,无,互联网
腾讯,WXG-技术架构部-基础架构中心,后台开发,广州,10~11点（早餐到10点）,21~22点,12点~14点（13点熄灯午休）,18~19点,无,无,5,两三天写一次日报，每周有周会,,互联网
中金公司,投资银行部,Associate,北京,9:30-10:00,平均23-24点,2h,2h,否,否,5.5-7,否,,金融
阿里巴巴,钉钉,运营,杭州,9:45,21:00（偶尔没活可以提前走）,12:00-14:00,18:00开始,其实没有,基本可早走,5,是,,互联网
美团,视觉智能部,产品/运营,北京,10:30,22:00,1h,1h,否,否,5,周报,平均每天10-12小时,互联网
东吴证券,零售客户部,产品,上海,8.30 （打卡随意）,5:00（如遇周五发版，需要产品验收，可远程）,11:00,回家吃,无,如遇周五发版，需要产品验收，可远程,5,看领导,,"金融, 国企"
阿里,CTO线-CBU,后端,杭州,10：00,21：00,12：00-14：00,18：00-19：30,否,18：00下班,5,第一周日报，后续双周报,下班时间没有很严格，有事可以提前走，也不用请假啥的,互联网
中国农业银行总行,研发中心,开发,北京,8:30,23:00,11:30,17:30,不,不,6,全体人都要周报,,"金融, 国企"
好大夫在线,基础信息事业部,服务端,北京朝阳,9:30,19:30-24:00,12:00,18:30,否,否,5,日报,"公司规定12点跟上线,可以第二天上午不来,但是部门要求跟到两点,公司要求10点前到公司,但是部门要求9:00",互联网
Newsbreak,产品部,产品,北京,10:00-11:00,19:00-21:00(看当日工作情况，基本9点后没人了),12:00-14:00,19:00,周三运动日可以提早走,周五一般都可以提早走,5,无,平均每周会有2天需要早8/晚11点跨国开会，不过可以在家远程会议,"互联网, 外企"
星动互娱,产品,产品,厦门,8：40,18：00,11：50,18：20,否,否,5,否,,互联网
腾讯,技术架构部,后端,广州,10:00-12:00,23:00-01:00,12:00-14:00,18:00-19:00,否,否,5~7,一个月周报,,互联网
美团,搜索与nlp部,算法策略,北京,10点到11点,7点到9点,,,,,5,是,,互联网
aviagames,it,高级服务端工程师,北京,10,21点以后，时不时通宵,12-2,18-19,否,否,5,周报,代码上线动辄通宵，一般一周两次上线,"互联网, 外企, 游戏"
华为,2012,算法,杭州,9：00,20：40,12:00:1:40,5:30,否,否,月末6天，其他周六看情况,是,,"互联网, 通信"
北京永航科技股份有限公司,技术支持中心,程序,北京,10:00,7:00,12:00,,,,5,否,,互联网
小米,互联网业务部,产品,北京,9点30,9,12,6,否,否,5（视情况加班，不允许调休）,有,,互联网
腾讯,微信搜索应用部,后台,广州,10点左右，有事可晚来不用请假,9点半左右,12点,18点,是,可以早走,5,否,工作、技术氛围都很好，同事很nice，好沟通,互联网
美团,外卖,外卖,北京,10,19.00,送餐间隙吃一口,送餐间隙吃一口,否,否,5,,,其他
腾讯,PCG,后端研发,北京,10：00,9：00,12点-2点,6点-7点,否,否,5,周报,,互联网
腾讯,CSIG-腾讯医典,后台,深圳,9：30-10：00,7-9，做完可早走,11:30-2:30,5:30-7:00,否,否，但是一般很多人周五早走,5,是,部门管理略混乱，基本靠口口相传,互联网
tx,光子设计中心（中台）,视觉设计,深圳,9：00（不同项目不同作息）,9：00（不同项目不同作息，9点强制下班，做不完要回家做）,11.30,5.30,周三不加班,否,5,,,互联网
字节跳动,视频架构-服务架构,后端,上海,10:30,9+，偶尔早走没事,12-14,19-20,双周6点,原则上没有，实际大多可以7点run,5,统一有周报,,互联网
腾讯,ieg-北极光A1,服务器,上海,10,9+,12-14,18-19,是，18统一run,否,5,统一周报,,互联网
厦门银行,信息技术部,系统开发岗,厦门,9:00,17:30,12:00,,,管的系统上线的话排期可能会到10点以后,5,周报 瞎写点就行领导不会看的,适合厦门人养老（不带新项目的话）,金融
北京银行,总行软件开发中心,开发,北京,八点半,五点半（但是6点开饭，一般没太大事六点多走）,12点,6点,无,无,5,无,新人培训时间长，上来不push，暂时感觉整体压力不大气氛还好。每两周一个周二投产可能加班不过跟新人没关系。,"金融, 国企"
蚂蚁集团,金融网络技术部,开发工程师,上海,10：00,一般九点以后，周三周五可以七点走。卷王一般每天10点-11点下班,12点到13点,18点到19点30,是,是,5,,,互联网
幻萌,四叶草R,前端,上海,10:00,9:00-10:00,2h,1h,否,否,6,是,,互联网
VMware,NSBU,研发,北京,10:00,18:00,1h,无,否,每天都可以特（不）殊（去）,否,周报,,外企
华为,海思,工程师,北京,9：30,"三五18：00
一二四20：35",12：00—14：00,18：00-19：00,可以18.00下班，也有人20.35下班,可以18.00下班，也有人20.35下班,5每月月末周六固定加班,,,"互联网, 通信, 民营企业"
bilibili,游戏事业部,运营,上海,10点前,理论7点，实际7点半以后，leader要求24小时内随叫随到,无,无,不,不,5,写,,互联网
字节,本地建设,市场运营,武汉,10,19,,,否,,5,,,互联网
TRS,项目开发部,前端,成都,9:30,18:30,11:40-13:30,18:30,否,否,5,否,尚可,"互联网, 民营企业"
滴滴,ibt 国际化,后端开发,北京,实习生十点，正式感觉没有要起十一点以后也有,实习生八点或者更早看你自己，正式好像也没有要求，九点也可以前也行,十二点到下午两点,六点 食域点餐 美滋滋,无,早点回去？,5 不让我加班 呜呜,没写过,氛围极好,互联网
阿里巴巴,cto线-拍卖,后端,杭州,9：00-10：00,9：00-9：30,12：00-14：00,18：00,否,是,5,周报,,"互联网, 民营企业"
腾讯,CSIG在线教育中心-企鹅辅导,产品运营,深圳,10-10:30,18:00,12:00-14:30，3h,17:30-18:00,否,否,5,日报+周报,不用来了，刚喜提裁员大礼包,"互联网, 教育"
酷家乐,前沿技术研究院,算法工程师,杭州,10：00-10:30,20:00-20:30,12:00-14:00,18:30-19:10,否,七点,5,周报,强度不大,互联网
虎牙,营收游戏,产品/运营,广州,11.00,21.00,2h,1-2h,,否,5,周报,,互联网
联想,DIBG,数据科学家,北京,9:30,6:30,11:30-1:30,6:30,否,否,5,否,,民营企业
中信银行总行,软件开发中心,程序开发岗,北京,8:30,打卡时间为17:30，但要求周一二四20:30后下班。,11:15-13:30，有食堂,17:30-18:30,一周中唯一一天可以正常下班的。,周五为投产日，要求通宵支持，等到周六早上支持的人交接才可以回家。,5-6天，很多需求密集的组长期7天赶进度,不是新人也有日报周报，甚至不止一份。,,"互联网, 金融, 国企"
"国家开发银行 ",中非发展基金,投资,北京,8：30,17：30,11：30-13：30,,,,5,,,金融
联想集团,数据智能事业部,产品,北京,9：30,6:30,11:30-1:00,6,无,无,5,无,,民营企业
腾讯,WXG深圳某部门,后台开发,深圳,10点前,21点左右,12点,18点,否,是,5,有的组全员日报、有的组周报,技术非常落后、无注释无文档、嫡系氛围严重、老油条多、新人背星传统。,互联网
虾皮（shopee）,供应链,产品,深圳,10：00~10：20,19：10~19：30,12：30~14：00,19：00以后,否,否,5,"entry task做完前需要日报，做完后就是双周报 ",产品目前还不是很卷。但是已经开始实行OKR（其实是KPI）,互联网
京东零食,数据中台,后端,成都,9,9,11.40-1.40,7.000-8.00,7点下班,7点下班,5,周报,氛围nice，对新人友好,互联网
百度,内容策略部,算法,北京,10：00-10：45,9：30,12：00-14：00,18：00-19：00,否,否,5,周报,,互联网
上海萌幻网络,技术中心,U3D开发,上海,10:00,21:00-22:00,12:00-14:00,18:00-19:00,否,否,6,是,,互联网
腾讯,微信广告,产品运营,深圳,10,10,12-14,18-20,否,否,5,是,卷到起飞，现在周报要发全部门邮件,互联网
360,商业化,产品,北京,10点,7点,12-2,6-7,不,不,5,周报,,互联网
南京中软国际,CBGIT,高级开发工程师,南京,9:00,18:30,,,,,5,,,"互联网, 其他"
猿辅导,斑马,产品,北京,10:00,7-9（大部分7-8）,10-14,6,否,否,5,无,本来还是很香的，不卷。。只不过最近打击的太厉害了，不涨薪了,互联网
学科网,基础应用,研发,北京,8.30,17.30,12.00,17.30,否,开周会，发零食,5,日报,不加班,"互联网, 教育"
英伟达,软件,软件开发,深圳,10.30,5.30,随意,无,无,运动,5,是,,"互联网, 机械, 外企"
Mobplus,商务部,运营兼商务,中国,10点前,6点或随意,什么时候都可以,什么时候都可以,否,否,5,没,外企 远程自由工作,"互联网, 外企"
百度,国际化,运营,深圳,10,9,12-14,18,否,否,5,日报,,互联网
华为,云服务,后端,深圳,9:00,18:00，但是一般要10点左右才下班，部门卷，暗地里统计一个月不超过80小时加班数的人,12:00,18:00,有组织运动或者可以下班就走,否，一般走得早些,基本大小周，有些忙的6天/周,是,很卷，累，技术栈与互联网差不别不大，活多。,互联网
喜马拉雅,泛知识,运营,上海,10,8,12:00-13:30,6-7,否,否,5,周报,run,互联网
wifi万能钥匙,产品,产品,上海,10:00,19:00,11:30,,no,no,5,,,互联网
字节跳动,搜索-业务研发,后端,北京,10.30,9,12-2,7-8,双周早下班一次,早下班,5,不清楚,,互联网
阿里蚂蚁,体验技术部,前端,杭州,10.30,7点开始有人走，9点走人高峰,12.00-14.00,6.00-7.30,看组内文化。有的组周三高效日走得早，一般六点半,六点下班高峰,5,新人，实习生等,,互联网
京东,京东零售,前端,上海,11点前,18-20点,12:00,6:40,否,否,五天,周报,组内氛围好，大促近邻可能会加班，加班时间可以换调休,互联网
百度,地图,后端,北京,10点,8点20陆续走 9点走70%,12点到14点,6点到7点,否,没事基本早走,5,都有,,互联网
腾讯,WXG 搜索,后端,广州,10,9.30 -10,12.00,6.00,是,是,5,无,,互联网
腾讯,腾讯云,后端,深圳,10,9-10,2.5h,1h,无,一般走的比较早,5,,,互联网
58同城,产品,产品经理,北京,10,7,12-2,6-7,否,否,5,是,,互联网
微软,C+AI,SWE,上海,9:00-10:00,17:30,随意,回家吃,否,否,5,否,内推发邮件至 junhan@microsoft.com，大量HC,"互联网, 外企"
农银金科,不便透露,后端,北京,8：30,19：00,11:30-13:30,无,否,否,5,看组,,金融
快手,AI平台,后端,北京,10:00,20:00~21:30,12：00,19：00,否,否,5,是,,互联网
普联技术有限公司,杭州视频,软件工程师,杭州,8:30,可以六点走，八点后走算一次加班。大概每个月15次左右不会被约谈，太少会找谈话。周末每加两个小时计一次加班，最多计两次。,11:50,6:00,否,否,5,有日报，所有人都有周报,,"互联网, 通信"
微博,机器学习研发中心,算法,北京,10:30,8:00,12:00,随意5:45开饭到7:15,否,是,5,周报,无pua，打卡9小时可走(有的同事10点来6点下去吃个饭后就走了)，强度适中，适合wlb,互联网
百度,商业风控,后端,北京,10.30,20.00-9.00(有事群里说一声可早走),12.00-14.00,17.30-19.30(看个人安排),否,六点可下班,5,日周,,互联网
莉莉丝,游戏项目组,程序,上海,十点,八点,12到14,6点,否,否,5,有日报周报，比较简短,Base中等，加班不多,互联网
腾讯,pcg nbase业务部,后端,上海,10:00,20:00-21:00,11:30左右,17:30,否,否,5,周报,,互联网
腾讯,PCG看点,产品,北京,10:30,21:30+,12-14,18-19,否,可以提前溜,5,否,,互联网
美团,搜索,算法,北京,10-10:30,9-9:30,12-14,18-19,否,否,5,周报,氛围挺好的，组内同事愿意分享和交流,互联网
蔚来汽车,DD,后端开发,上海,9:30,6:30,11:30-13:00,,否,6点,5,周报,,其他
字节跳动,商业产品－本地行业变现,产品经理,上海,11点 不打卡没考勤,9－11点,11：50－1：30,18：50－8：00,否,否,5,周报 但不强制,氛围好但是需求多，很卷,互联网
百度,商业策略,算法,北京,10:30,22:30,1小时,1小时,否,否,5,是,,互联网
商汤,研究院,算法开发,上海,9:30,18:30,11:30,17:30或者下班吃,无,无,5,周报,,互联网
字节,中台,产品,北京,10:30,10点以后,12点-2点,6:50-8:00,活动日6、7点下班,无,5,有，刚来天天写日报,太卷还没方向、管理乱,互联网
字节,战略,实习,北京,10：30,"22：00 ",12：00,19：00,是,否,"5 ",是,,互联网
哔哩哔哩,市场,市场实习,上海,11：30,7：30,12：00,19：00,无,无,5,是,,互联网
新浪,微博,搜索算法,北京,10:30,20:00,2h,随意,否,否,5,周报,,互联网
Paypal,风控,数据分析,上海,10,6,12:00-14:00,,,,5,,,"互联网, 金融"
招商证券,金融科技中心,产品经理,深圳,8:30(不考勤，一般50% 9点之前到，95% 9点半之前到，需盘前检查的例外）,17:00下班，实际不加班 18:30 左右,11:30,18:30,无,无,5,看团队，无硬性规定,,金融
阿里云,SLB,开发,杭州,10点,9~10点,12点左右随意,6点左右随意,活动日,活动日,5,周报,需要oncall，大概两个月轮一周，组内氛围好，技术好，强度大,互联网
网易,人力资源部,hrbp,杭州,9：30,21：00,12：00,18：00,否,18：00,5,日报+周报,,互联网
腾讯,云产品三部,算法,上海,10:00,21:00,2小时,1小时,否,早点走,5,,,互联网
美团,金服,系统开发实习,上海,10.30左右到即可,9点走的比较多,12：00,18：00,否,会有活动，可以早走,5,实习生无日报周报,,"互联网, 金融"
腾讯,TEG数平,算法,深圳,10:00,20:30~22:00,11:30,5:30,否,吃完饭就走,5,周报,,互联网
百度,推荐策略部,算法,上海,10:30,9:00之后,12:30-2:00,6:30,否,可以早走,5,是,日报周报都有,互联网
百度,meg,前端,北京,10,9,12,18,否,否,5,周报,,互联网
小米,手机部相机部,软开,北京,10点左右,9点左右,11点半到2点,5点半到7点,否,否,5,周报,氛围很轻松，工资一般,互联网
中国银行,中银金科,前端,上海,8:30,5:30/9:00,11:30-1:30,5:30-7:00,无，但周二固定加班到9点,无，但周四固定加班到9点,5,周报，月报,,"互联网, 金融"
京东,零售 数据与技术中心 基础交易质量,测试开发,北京,9.30,9.00,2h,1h,不,可以7点早走,5,是 周报and日报,对不起我看到上面那个写八点就能下班的，忍不住了,互联网
华为,智能协作产品部,开发,西安,9:00,21:00,11:50,17:30,否,"一般17:30走,项目过点可能通宵",5,日报,"有月末周六, 周六日常加班,项目过点一般23:00走",通信
华为,cbg,软件开发,上海,9:00,9:00-10:00 小组从PL开始卷 走的很晚,12:30-14:00,5:30-19:00,是,是,月末加班一天 其他双休,周报,终端OS部门,"互联网, 通信"
小米,手机部-系统软件部,项目经理,北京,10:30左右（弹性，不打卡）,22:00-24:00 ，视项目情况而定,12:00-14:00,弹性,否,否,5-6（视项目情况而定）,有项目周会,项目紧张时加班较严重,"互联网, 通信"
伯骐人才（技术猎头公司）,专注研发领域,Founder,上海,9：30,6点左右,11：45,自定,无,有时提前下班,5,是,微信号：bendypan001,互联网
字节,智能创作,产品,北京,10:30,9点,12-14,18:50,双周活动日,,5,否,氛围不错,互联网
中芯国际集成电路制造（上海）有限公司,Mask Shop,Engineer,上海,8:30,17:30,11:30-12:00,18:00,否,否,5,不需要,正常下班，偶尔有事可能会留下来加班，加班费都是法定支付。,半导体
字节跳动,懂车帝,产品,重庆,10：30,21点以后，有时候会晚一些,12：00,18：50,公司取消大小周后无,一般早点走,大小周,,,互联网
美团,美团优选,后端,北京,10点30左右，晚于11点需要提前和tl报备,大部分人都是10点走，有事的话11点12点都有可能,12点，大概休息到2点工作,6点，大概到7点工作,有固定会议，可能会持续很晚,否,5,实习生和校招新人发三个月,8点后下班每天30餐补，9点半后打车报销（快车报全价，豪华型85%），有时候晚上很久才能打到车。,互联网
爱奇艺,用户产品部,设计,上海,9:00-10:00,18:00-19:00,2h,1h,无,无,5,周报,团队氛围好,互联网
滴滴,R lab,测开,北京,10点半前后,最早九点，晚的话十点到凌晨,12点,6点后自行安排,不特殊,六七点就能下班,5,是,超级卷，项目多 管理混乱,互联网
携程,大住宿BG,算法,上海,10:00左右,19:00-22:30弹性,1h,1h,否,一般可提前下班,5,周报,,互联网
ONES,设计,设计,深圳,10-10:30,6:30,12:30-14:00,6:30 以后,无,无,5,无,,互联网
上海微电子,前道,软件控制设计,上海,9,7-9,12,6,n,n,5-6,n,,机械
腾讯,腾讯视频,客户端,深圳,10:00,8:00-后,12:00-14:00,18:00-19:00,否,有早走的,5,,,互联网
阿里,CRO,java,杭州,9:30,9，但日报，干不完就得10-11,12,6,否,是,5,日报,氛围不太好，项目管理有点乱，对新人有些push,"互联网, 民营企业"
上海晟合坤,后端,后端开发,上海,9,21,11：30-13：00,17：30-19：00,否,否,5,日报，所有人,公司福利差，一个人干两个人的活,"互联网, 金融"
网易,网易云音乐,运营,杭州,9:30,20:00,12:00-14:00,18:00-19:00,否,否,5,看部门，不强求,不赚钱,互联网
虎牙,移动技术中心,客户端,广州,10:30,21:00,12:00,18:30,否,18:30走,5,周报,看别的部门很多七点多走的，21:00走，第二天可以11点前来,互联网
腾讯,基础产品部,客户端开发,广州,11-12,12-1,12-14,18-19,否,否,5,否,,互联网
搜狐,社交部门（狐友）,产品,北京,9点30,6点30,12点-2点,准时下班,不,不,5,周报,,互联网
腾讯,安全,渗透工程师,武汉,10：20,20：20,11：20,5：30,无,无,5,是,,互联网
紫光展锐,集成研发,AI软件开发,西安,8.30,5.30,11.30,5.30,无,无,5,有日报周报,,"互联网, 通信"
网易,互娱·技术中心,开发/算法,杭州,9:30,20:30,12:00-14:00,18:00-19:00,否,18:00直接下班,5,是,,互联网
小红书,商业部,广告执行,上海,10-10:30,7:00,12:00-2:00,6:00,否,否,5/6,否,,互联网
海康威视,研究院,算法,杭州,9-9：30,9：00-9：30,12-1：30,6-6：30,偶尔有急事可早走,偶尔有急事可早走,大小周,周报,,互联网
阿里,阿里妈妈,产品运营,杭州,10：00,18：00以后，一般是21：00,12：00～14：00,18：00,否,回上海的话5点多就能溜了,5,是,,互联网
OPPO,用户平台,产品经理,深圳,9.30,21,12,6,运动日,无,5,是,,互联网
美团,交易系统平台,后端,北京,十点半,九点半,两个小时,一个小时,否,周五吃完晚饭可以走,5,周报/月报/三月述职,比较卷，各种乱七八糟的东西，心累,互联网
快手,MMU,算法,北京,10,21.30-22.00,12-14,19,否,八点可走,5,周报,,互联网
阿里,蚂蚁-客权,数据分析,杭州,9:30,20-21,12:00,6:00,否,可早走,5,周报,,互联网
百度,自然语言处理部,算法,北京,10:00,22:00往后,12:00-14:00,18:00-19:00,否,否,5,是，新人要写半年日报。周报所有人都要写,比较卷，部门大部分LowT都是10点往后走，同事之间交流很少。试用期的任务比较重。,互联网
快手,商业化,数分,北京,10：30,9-10,12 - 14,7-8,否,是,5,周报,,互联网
腾讯,PCG-微视,客户端开发,深圳,10:00,10:00,11:30-14:00,17:30-19:00,无,6点下班,5,所有人晨会,,互联网
腾讯,CDG-FIT,后台,深圳,9:30,8:30-10:00,12:00,6:00,,可以早走，7点左右,5,是,FIT技术一般，所在组的氛围还可以,互联网
中国工商银行股份有限公司,软件开发中心,前、后端以及测试都一样,所有分中心,八点半,十七点半,11.30－13.30,17.30,不特殊,不特殊,5,看情况,中心要求二四加班 会有培训 一般七点半到八点培训结束 有些基地直接说明124加班。但是纯属磨洋工。,"互联网, 金融"
字节跳动,商业化战略,海外战略,北京,11:00,9:00,12：00-12:40,6:50-7:30,两周一次活动日，可以6:00走,,5,开会做笔记,,互联网
华为,CBG云服务,后端,南京,9:00,21:30~22:00,12:00-14:00,18:00-19:00,18:00-19:00,18:00-19:00,5+月末周六,日报,,互联网
德勤管理咨询,SAM,Analyst,上海,9:00,21:00,12:00,18:00,否,是,5~6,否,下班继续BD!,外企
腾讯,云产品一部,后台开发,深圳,10,7:00,,,,,5,周报,工作内容比较挑战，不是很卷，leader还比较nice,互联网
美团,优选商品,后端,北京,11,23,2,1,否,否,5,是,周报要求贼多，往死了卷，日常各种扣小细节，还总打击。,互联网
腾讯,魔术师工作室,后台开发,深圳科兴,9:30,21:00,12:00-14:00,18:00-19:00,周三健康日,否,大部分时候5，偶尔6,否,,互联网
育碧中国,手游中国,运营,上海,9-10,6-7（呆满9小时）,12-1（2点也行）,随意,,,5,,绝不加班 休息日绝无工作,互联网
英特尔,SATG,深度学习软件开发工程师,上海,9:00,4:50,11:00饭堂开始放饭，一般12:00去吃,4:30可以去饭堂吃饭,否,可以早走,5,没日报和周报，正式员工每个月向部门群发1000字左右的月报,我从互联网大厂跳槽过来，时薪吊打互联网，不打卡，弹性工作时，一周大概有一半时间可以在家办公，活干完就行。没有末尾淘汰，每次考核只和自己的上次绩效做比较，企业文化与同事氛围nice，组内多数同事司龄15年+，入职两年多部门里开过几次退休欢送会，欢送一些年纪到了退休年龄的同事退休。,外企
字节,懂车帝二手车,运营,北京,10:00,22:30-,12:00,18:50,理论特殊 实际不会,无,大小周,看领导,,互联网
工行,软件开发中心,开发/测试等,珠海/广州/杭州/上海/北京/西安/成都,08:30,17:30,11:30 ~ 13:30,17:30 ~ 18:30,否,否,5,日报,每周二/四晚固定加班，一般到 9:00，也有很多人忙项目开发测试进度，一周好几晚都加，周末也加；每月版本投产/变更次数多，投产一般周六晚熬夜，周日白天继续支持业务验证；早上上班 08:30 前，使用 APP 定位打卡或入园区时刷脸自动打卡，08:30 ~ 09:00 为灰色打卡时间，计入迟到次数，每月的基地/部门例会，会统计各人员迟到次数排行榜；每天早上(大约08:40 ~ 09:00)各小组小团队开早会(站会)；…,"金融, 国企"
快手,电商,后端,北京,9:30,22:00,2,1,否,否,5,是,汪姓某位leader擅长pua与画饼（组内同学都知道），死抠排期，做事大部分都是几分钟的热度。不过组内同学氛围很好。,互联网
新浪,UDC（设计中心）,设计,北京,最晚10点,18:00-不等（部门要求达到平均10.4/天 ）,12:00-13:00,18:00,无,无（一般会早点跑路）,5,无 但需要随时更新jira,活儿很多 但leader人很好,互联网
Fast Retailing(迅销）,Ges,后端开发,上海,9,6,1.5,,否,否,5,否,10天年假,外企
腾讯,IEG-增值服务部,开发,深圳,9:30-10:00,闲时8点开始走人，忙时平均10-11点,11:40,17:40,没事下午6点可以走,leader会提示大家没事早点走,5，加班须申请,,,互联网
Synopsys,DDG,研发,上海,10,6,12.00-13.00(不固定),无,无,无,5,周报,氛围好 不加班 离公司远可申请wfh,外企
阿里,天猫超市,运营,杭州,9:30,22:00,12:00,18:00,否,一般可以6:00走,5,否,,互联网
航空工业,信息化,全栈,上海,08:30,05:00,11:15,5:00,,,5,否,,国企
新浪,广告,销售,安徽,9,6,12,无,无,无,5,是,,互联网
哈啰出行,营销平台,后端,上海,10:15,9点开始有人走,1214,1819（约一个半小时）,false,周五7点开始走人,5,试用期日报，转正后周报,,"互联网, 民营企业"
美团,交易系统平台,后端,北京,10-10.30,9.30开始有人走,12.00-14.00,18.00-19.00,否,可以回家吃饭,5,都要,卷 注重业务稳定性,互联网
airoha,SD2,开发,南京,9:00-9:15,18:00 - 20:00,11:30-1:30,6:00-7:00,否,否,5,所有员工均要求日报,7:00后算加班,互联网
insta360,研究院,深度学习实习生,前海人寿金融中心,9:30,18:00,12:30-14:00,无,否,否,5,周报,因为老东家比较好，所以特此填写，我是第一次实习，公司很人性化很自由，各方面留给我的印象都是比较好的，公司比较高效直接，但厕所有点少,互联网
正部级政府部门,大部分部门,副主科,北京,8:30,5:30,11:30,5:00,否,否,5,否,oncall不定期加班，无加班费,公务员
Avature,基本适用于所有部门,基本适用于所有岗位,深圳,随意 看个人工作内容和开会时间 基本十点左右,随意 看个人工作内容和开会时间 基本六点左右,"随意 看个人工作内容和开会时间 基本十二点左右 ",下班了啥时候吃吃不吃看自己哈哈 反正公司没有饭吃,否,否,5,否,节假日有福利（购物卡月饼粽子啥的） 年底有一天聚会（工作日） 无年终奖/奖金， 非常自由 可以wfh wl非常b哈哈哈哈哈,"互联网, 外企"
blued,算法大数据,算法,北京,9:30,6:30后,11:30-13:30,7:30,否,否,5,晨会、周报,,互联网
医渡云（上市编码：HK.2158）,基础架构部,架构运维,北京,10:00,20:00--22:00,11:45--13:00,19:00-20:00,无特殊,无特殊,5,是,领导非常舒服，坐等年底领分红就行。小弟累断腿，年终撑死是个B。,"互联网, 其他"
新城控股总部,研发中心,景观研发,上海,8:30,不定,11:30,17:30,否,否,基本6,是,,地产
字节,data-内容,前端,北京,10:30,正式9:30左右,12:00,18:50,活动日可早走,可早走,5,周报都有，日报看情况,,互联网
中国银联,软件开发中心,后端,上海,8:30,大多数在20:30~21:00,11:30~1:30,17:30,否,17:30走人,5,日报,工作压力小，食堂和其它福利待遇都很好，适合养老,国企
阿里,淘系技术部-前端技术,前端,杭州,9:30-10:30,7-10都有，比较灵活,12,18,否,可早走,5,都有,同组校招生都是卷王，老员工都要被卷死了,互联网
中国移动在线营销服务中心,互联网部,运营,杭州,8:30,18:30-19:30,2,随缘,否,否,5.5,所有人周报,收入偏低,通信
掌阅科技,投放中心,广告优化师,北京,9：00到10：30弹性时间,7点前后弹性半小时,12点,19点,否,否,5,周报,,互联网
猎头公司,业务部门,猎头顾问,成都,9.30-10.00,8.00-10.30,12.00-1.30,随意,固定加班,固定不加班,5,是,,其他
美团,到家-营销算法,算法工程师,北京,10:00,21:00，boss会查看工作时长排名,12:00,6:00,否,是，可以早走,5,是，每周周报,,"互联网, 民营企业"
腾讯科技（深圳）有限公司,TEG-研发管理部,后端,深圳,10:00,21:30,12:00,6:30,是,否,6,是,需要oncall,互联网
腾讯,微信支付,研发,深圳,10,21以后,12-14,6-7,无,无,5,日报,所在小组每天早晨站立晨会，10分钟左右,互联网
飞鹤,电商事业部,平台运营,上海,9：30,18：30,12点-13点30,无,否,否,5,周报、月报、季报等,上海这边特别卷，不加班不舔领导就无法升职加薪。,民营企业
腾讯,企业微信,测试,成都,10:00-10:30,10:30,12:00，午休2h左右,18:00-19:00,否,否,5,是,很卷，老人也每日汇报，周五有事晚上可以早点回,互联网
bilibili,直播,前端,上海,"10:00 ~11:00 ","19:00 ~ 20:00(蹭加班餐) ",12:30,20:00,否,否,5,是,管理松散,互联网
江苏某市级三甲中医院,临床,住院医师,常州,7:45交班,17:00,11:30-14:00,17:00,否,否,5.5,,,医疗卫生
北京市某国企,法务审计部,法务,北京,08:30,16:30,11:00-13:00,无,否,否,5,否,,国企
房地产咨询,研展,研展主任,广西,9:00,18:00,12:00-13:30,回家吃,否,否,5,看领导当时的想法,"有加急项目就需要加班，加班至23:00以后打车回家可以申请交通费报销，除此之外没有加班费，项目拿下有绩效。
平时除了看领导想法做事，最重要的是看甲方爸爸的想法做事。",地产
麻豆传媒,内容制作,男一号,北京,0：00,24：00,,,,,8,,,互联网
携程,机票,产品,上海,11:00~12:00,18:00~22:30,11:30~13:30,18:00~19:00,无,18:00,5,无,,互联网
斗鱼,运营中心-行业研究部,商业分析,武汉,9.,7.30,12.,不固定,否,否,5,否,大ld人好，团队比较佛，不适合aggressive的人去,互联网
蔚来汽车,DC,测试工程师,上海,9:30,21:00,11:30,,,,5~6,,,互联网
光汇石油,海运在线产品研发部,设计,深圳/新加坡,早9:00,官方时间写的18:00，实际下班时间在20:00之后,12:00,19:00,否,可以提早到18:00下班,大小周,日报,试用期半年，普通员工一天要打三次卡；如果老板突然有需求，可能周日也要来加班。新加坡团队考勤比较松。,互联网
哔哩哔哩,主站运营中心,内容运营,上海,11点,9点,12：30-14：30,无,无,无,5天,周报,,互联网
腾讯,AI平台,算法,深圳,10:00-10:30,22:00,11:30:12:30,5:30:7:00,否,可以6点跑路,5,是,表面上弹性时间，实际一般到22:00之前全组都在工位上,互联网
Intel,云原生IAGS,云计算开发,北京,9:00-10:00,5:00-6:00,11:30,,,,5,,,"互联网, 外企"
完美世界,第七项目中心,策划,北京,10点,21点30~不一定,12点,18点,否,没事可以19点,基本上是六天,需要,领导带头加班，没什么晋升空间,互联网
58同城,本地事业部,测试,北京,10:00,不定时。最晚1点半。最早8点,11:30 -14:00,18:00,抠搜下午茶,抠搜下午茶,5,是,,互联网
富智康精密,软件,软件,北京,7：00- 10:00,四点开始有人下班， 7点基本空,11:30-12:30,无,无,无,5,无,,通信
腾讯,微视发布器,产运,深圳,10:30,20左右 项目期凌晨,11:30-14:00,17:30-19:30 不固定,不,不,5 项目期在家加班,有,架构大调整 流动性很大 老板都不知道干啥 之后抱着腾讯视频大腿过活,互联网
一级VC公司,基金产品部门,产品经理,上海,9-9.30,6-9,11.30-1,,无,无,5 有时6,季度报,公司福利好，但是一人干两三个人的活，需要长期standby,金融
腾讯,PCG,客户端开发,深圳,10点20分,10点,11:30~13:30,17:30~18:30,否,否,5,否,,互联网
英特尔,STAG,SWE,上海,9：00,5：00,11：30-1:00,回家吃,无,无,5,有周报，发给manager,部门氛围好，manager或者说公司比较关注员工的职业发展，软性文化较好。请假比较宽松，下雨可以wfh。平均主义，无卷。内部活水方便。,"互联网, 外企"
虾皮,STO,senior engineer,新加坡,10.00,19.00,12.30-14.00,无,无,无,5,"新人转正3个月,期间需要日报",,互联网
蔚来汽车,自动驾驶,算法,北京,10:00,22:30,,,,,5,,,互联网
蔚来汽车,自动驾驶,研发工程师,北京,10:00,23:00,12:00,19:00,否,否,7,是,,互联网
途虎养车,用户产品中心,产品经理,上海,9点~9点半,7点半~9点,11点45~13点30,6点~8点,否,否,5,否,,互联网
